Type,Part Number,Brand,Model,Rank,Benchmark,Samples,URL,slug
RAM,F5-6000J3040G32GX2-TZ5NR,G.SKILL,TZ/RJ/FX DDR5 6000 C30 2x32GB,1,243.0,11384,https://ram.userbenchmark.com/SpeedTest/1854082/G-Skill-Intl-F5-6000J3040G32G-2x315GB,g-skill-tz-rj-fx-ddr5-6000
RAM,F5-6000J3040G32GX2-FX5,G.SKILL,TZ/RJ/FX DDR5 6000 C30 2x32GB,1,243.0,11384,https://ram.userbenchmark.com/SpeedTest/1854082/G-Skill-Intl-F5-6000J3040G32G-2x315GB,g-skill-tz-rj-fx-ddr5-6000
RAM,F5-6000J3040G32GX2-TZ5N,G.SKILL,TZ/RJ/FX DDR5 6000 C30 2x32GB,1,243.0,11384,https://ram.userbenchmark.com/SpeedTest/1854082/G-Skill-Intl-F5-6000J3040G32G-2x315GB,g-skill-tz-rj-fx-ddr5-6000
RAM,F5-6000J3040G32GX2-TZ5RS,G.SKILL,TZ/RJ/FX DDR5 6000 C30 2x32GB,1,243.0,11384,https://ram.userbenchmark.com/SpeedTest/1854082/G-Skill-Intl-F5-6000J3040G32G-2x315GB,g-skill-tz-rj-fx-ddr5-6000
RAM,F5-6000J3040G32GX2-RS5K,G.SKILL,TZ/RJ/FX DDR5 6000 C30 2x32GB,1,243.0,11384,https://ram.userbenchmark.com/SpeedTest/1854082/G-Skill-Intl-F5-6000J3040G32G-2x315GB,g-skill-tz-rj-fx-ddr5-6000
RAM,CP2K16G64C32U5B,Crucial,Pro DDR5 6400 C32 2x16GB,2,210.0,84,https://ram.userbenchmark.com/SpeedTest/2469124/Micron-CP16G64C32U5BM8H4-2x16GB,crucial-pro-ddr5-6400-ddr5-6400
RAM,CP2K16G64C32U5W,Crucial,Pro DDR5 6400 C32 2x16GB,2,210.0,84,https://ram.userbenchmark.com/SpeedTest/2469124/Micron-CP16G64C32U5BM8H4-2x16GB,crucial-pro-ddr5-6400-ddr5-6400
RAM,CMH64GX5M2B6400C32,Corsair,Vengeance RGB DDR5 6400 C32 2x32GB,3,207.0,3673,https://ram.userbenchmark.com/SpeedTest/2108041/Corsair-CMH64GX5M2B6400C32-2x315GB,corsair-vengeance-rgb-ddr5-ddr5-6400
RAM,CMH32GX5M2B6000Z30,Corsair,Vengeance RGB DDR5 6000 C30 2x16GB,4,206.0,13762,https://ram.userbenchmark.com/SpeedTest/1964162/Corsair-CMH32GX5M2B6000Z30-2x16GB,corsair-vengeance-rgb-ddr5-ddr5-6000
RAM,F5-7200J3445G16GX2-TZ5RK,G.SKILL,TZ/RJ/FX DDR5 7200 C34 2x16GB,5,206.0,6967,https://ram.userbenchmark.com/SpeedTest/1955829/G-Skill-Intl-F5-7200J3445G16G-2x16GB,g-skill-tz-rj-fx-ddr5-7200
RAM,F5-7200J3445G16GX2-TZ5RW,G.SKILL,TZ/RJ/FX DDR5 7200 C34 2x16GB,5,206.0,6967,https://ram.userbenchmark.com/SpeedTest/1955829/G-Skill-Intl-F5-7200J3445G16G-2x16GB,g-skill-tz-rj-fx-ddr5-7200
RAM,F5-7200J3445G16GX2-TR5S,G.SKILL,TZ/RJ/FX DDR5 7200 C34 2x16GB,5,206.0,6967,https://ram.userbenchmark.com/SpeedTest/1955829/G-Skill-Intl-F5-7200J3445G16G-2x16GB,g-skill-tz-rj-fx-ddr5-7200
RAM,F5-6400J3239G32GX2-TZ5RK,G.SKILL,TZ/RJ/FX DDR5 6400 C32 2x32GB,6,204.0,10639,https://ram.userbenchmark.com/SpeedTest/1963529/G-Skill-Intl-F5-6400J3239G32G-2x315GB,g-skill-tz-rj-fx-ddr5-6400
RAM,F5-6400J3239G32GX2-RS5K,G.SKILL,TZ/RJ/FX DDR5 6400 C32 2x32GB,6,204.0,10639,https://ram.userbenchmark.com/SpeedTest/1963529/G-Skill-Intl-F5-6400J3239G32G-2x315GB,g-skill-tz-rj-fx-ddr5-6400
RAM,F5-6400J3239G32GX2-TR5S,G.SKILL,TZ/RJ/FX DDR5 6400 C32 2x32GB,6,204.0,10639,https://ram.userbenchmark.com/SpeedTest/1963529/G-Skill-Intl-F5-6400J3239G32G-2x315GB,g-skill-tz-rj-fx-ddr5-6400
RAM,F5-6400J3239G16GA2-TZ5RS,G.SKILL,TZ/RJ/FX DDR5 6400 C32 2x16GB,7,187.0,18403,https://ram.userbenchmark.com/SpeedTest/1770998/G-Skill-Intl-F5-6400J3239G16G-2x16GB,g-skill-tz-rj-fx-ddr5-6400
RAM,F5-6400J3239G16GA2-TZ5S,G.SKILL,TZ/RJ/FX DDR5 6400 C32 2x16GB,7,187.0,18403,https://ram.userbenchmark.com/SpeedTest/1770998/G-Skill-Intl-F5-6400J3239G16G-2x16GB,g-skill-tz-rj-fx-ddr5-6400
RAM,F5-6400J3239G16GA2-TZ5K,G.SKILL,TZ/RJ/FX DDR5 6400 C32 2x16GB,7,187.0,18403,https://ram.userbenchmark.com/SpeedTest/1770998/G-Skill-Intl-F5-6400J3239G16G-2x16GB,g-skill-tz-rj-fx-ddr5-6400
RAM,CMH32GX5M2B6400C36,Corsair,Vengeance RGB DDR5 6400 C36 2x16GB,8,185.0,6291,https://ram.userbenchmark.com/SpeedTest/2067774/Corsair-CMH32GX5M2B6400C36-2x16GB,corsair-vengeance-rgb-ddr5-ddr5-6400
RAM,F5-6000J3038F16GX2-TZ5NR,G.SKILL,TZ/RJ/FX DDR5 6000 C30 2x16GB,9,184.0,17261,https://ram.userbenchmark.com/SpeedTest/1931932/Unknown-F5-6000J3038F16G-2x16GB,g-skill-tz-rj-fx-ddr5-6000
RAM,F5-6000J3038F16GX2-FX5,G.SKILL,TZ/RJ/FX DDR5 6000 C30 2x16GB,9,184.0,17261,https://ram.userbenchmark.com/SpeedTest/1931932/Unknown-F5-6000J3038F16G-2x16GB,g-skill-tz-rj-fx-ddr5-6000
RAM,F5-6000J3038F16GX2-TZ5N,G.SKILL,TZ/RJ/FX DDR5 6000 C30 2x16GB,9,184.0,17261,https://ram.userbenchmark.com/SpeedTest/1931932/Unknown-F5-6000J3038F16G-2x16GB,g-skill-tz-rj-fx-ddr5-6000
RAM,F5-5600J3636D32GX2-RS5K,G.SKILL,TZ/RJ/FX DDR5 5600 C30 2x32GB,10,180.0,1573,https://ram.userbenchmark.com/SpeedTest/1845681/G-Skill-Intl-F5-5600J3636D32G-2x315GB,g-skill-tz-rj-fx-ddr5-5600
RAM,F5-5600J3636D32GX2-RS5W,G.SKILL,TZ/RJ/FX DDR5 5600 C30 2x32GB,10,180.0,1573,https://ram.userbenchmark.com/SpeedTest/1845681/G-Skill-Intl-F5-5600J3636D32G-2x315GB,g-skill-tz-rj-fx-ddr5-5600
RAM,F5-5600J3636D32GA2-TZ5RK,G.SKILL,TZ/RJ/FX DDR5 5600 C30 2x32GB,10,180.0,1573,https://ram.userbenchmark.com/SpeedTest/1845681/G-Skill-Intl-F5-5600J3636D32G-2x315GB,g-skill-tz-rj-fx-ddr5-5600
RAM,F5-5600J3636D32GA2-TZ5RK,G.SKILL,TZ/RJ/FX DDR5 5600 C30 2x32GB,10,180.0,1573,https://ram.userbenchmark.com/SpeedTest/1845681/G-Skill-Intl-F5-5600J3636D32G-2x315GB,g-skill-tz-rj-fx-ddr5-5600
RAM,CMH32GX5M2E6000C36,Corsair,Vengeance RGB DDR5 6000 C36 2x16GB,11,178.0,24598,https://ram.userbenchmark.com/SpeedTest/2095554/Corsair-CMH32GX5M2E6000C36-2x16GB,corsair-vengeance-rgb-ddr5-ddr5-6000
RAM,F5-6000J3636F16GX2-RS5K,G.SKILL,TZ/RJ/FX DDR5 6400 C36 2x16GB,12,173.0,39467,https://ram.userbenchmark.com/SpeedTest/1769364/G-Skill-Intl-F5-6000J3636F16G-2x16GB,g-skill-tz-rj-fx-ddr5-6400
RAM,F5-6000J3636F16GX2-TZ5S,G.SKILL,TZ/RJ/FX DDR5 6400 C36 2x16GB,12,173.0,39467,https://ram.userbenchmark.com/SpeedTest/1769364/G-Skill-Intl-F5-6000J3636F16G-2x16GB,g-skill-tz-rj-fx-ddr5-6400
RAM,CMK32GX5M2E6000C36,Corsair,Vengeance DDR5 6000 C36 2x16GB,13,172.0,5127,https://ram.userbenchmark.com/SpeedTest/2096215/Corsair-Vengeance-LPX-CMK32GX5M2E6000C36-2x16GB,corsair-vengeance-ddr5-6000-ddr5-6000
RAM,F5-6000J3238F16GX2-FX5,G.SKILL,TZ/RJ/FL DDR5 6000 C32 2x16GB,14,170.0,9528,https://ram.userbenchmark.com/SpeedTest/1938847/Unknown-F5-6000J3238F16G-2x16GB,g-skill-tz-rj-fl-ddr5-6000
RAM,F5-6000J3238F16GX2-TZ5NR,G.SKILL,TZ/RJ/FL DDR5 6000 C32 2x16GB,14,170.0,9528,https://ram.userbenchmark.com/SpeedTest/1938847/Unknown-F5-6000J3238F16G-2x16GB,g-skill-tz-rj-fl-ddr5-6000
RAM,F5-6000J3238F16GX2-RS5K,G.SKILL,TZ/RJ/FL DDR5 6000 C32 2x16GB,14,170.0,9528,https://ram.userbenchmark.com/SpeedTest/1938847/Unknown-F5-6000J3238F16G-2x16GB,g-skill-tz-rj-fl-ddr5-6000
RAM,F5-6000J3238F16GA2-RS5W,G.SKILL,TZ/RJ/FL DDR5 6000 C32 2x16GB,14,170.0,9528,https://ram.userbenchmark.com/SpeedTest/1938847/Unknown-F5-6000J3238F16G-2x16GB,g-skill-tz-rj-fl-ddr5-6000
RAM,F5-6000J3238F16GA2-TZ5RS,G.SKILL,TZ/RJ/FL DDR5 6000 C32 2x16GB,14,170.0,9528,https://ram.userbenchmark.com/SpeedTest/1938847/Unknown-F5-6000J3238F16G-2x16GB,g-skill-tz-rj-fl-ddr5-6000
RAM,F5-6000J3238F16GA2-TZ5RK,G.SKILL,TZ/RJ/FL DDR5 6000 C32 2x16GB,14,170.0,9528,https://ram.userbenchmark.com/SpeedTest/1938847/Unknown-F5-6000J3238F16G-2x16GB,g-skill-tz-rj-fl-ddr5-6000
RAM,F5-6000J3636F16GX2-RS5K,G.SKILL,TZ/RJ/FL DDR5 6000 C36 2x16GB,15,168.0,31229,https://ram.userbenchmark.com/SpeedTest/1938837/Unknown-F5-6000J3636F16G-2x16GB,g-skill-tz-rj-fl-ddr5-6000
RAM,F5-6000J3636F16GX2-FX5,G.SKILL,TZ/RJ/FL DDR5 6000 C36 2x16GB,15,168.0,31229,https://ram.userbenchmark.com/SpeedTest/1938837/Unknown-F5-6000J3636F16G-2x16GB,g-skill-tz-rj-fl-ddr5-6000
RAM,F5-6000J3636F16GA2-TZ5RS,G.SKILL,TZ/RJ/FL DDR5 6000 C36 2x16GB,15,168.0,31229,https://ram.userbenchmark.com/SpeedTest/1938837/Unknown-F5-6000J3636F16G-2x16GB,g-skill-tz-rj-fl-ddr5-6000
RAM,F5-6000J3636F16GA2-TZ5K,G.SKILL,TZ/RJ/FL DDR5 6000 C36 2x16GB,15,168.0,31229,https://ram.userbenchmark.com/SpeedTest/1938837/Unknown-F5-6000J3636F16G-2x16GB,g-skill-tz-rj-fl-ddr5-6000
RAM,CMK32GX5M2B5600C36,Corsair,Vengeance DDR5 5600 C36 2x16GB,16,162.0,40739,https://ram.userbenchmark.com/SpeedTest/1738581/Corsair-Vengeance-LPX-CMK32GX5M2B5600C36-2x16GB,corsair-vengeance-ddr5-5600-ddr5-5600
RAM,KF556C40BBK2-32,Kingston,Fury DDR5 5600 C40 2x16GB,17,161.0,9287,https://ram.userbenchmark.com/SpeedTest/1745881/Kingston-KF556C40-16-2x16GB,kingston-fury-ddr5-5600-ddr5-5600
RAM,KF556C40BBAK2-32,Kingston,Fury DDR5 5600 C40 2x16GB,17,161.0,9287,https://ram.userbenchmark.com/SpeedTest/1745881/Kingston-KF556C40-16-2x16GB,kingston-fury-ddr5-5600-ddr5-5600
RAM,KF556C40BBAK2-16,Kingston,Fury DDR5 5600 C40 2x8GB,18,141.0,4309,https://ram.userbenchmark.com/SpeedTest/1804829/Kingston-KF556C40-8-2x8GB,kingston-fury-ddr5-5600-ddr5-5600
RAM,KF556C40BBK2-16,Kingston,Fury DDR5 5600 C40 2x8GB,18,141.0,4309,https://ram.userbenchmark.com/SpeedTest/1804829/Kingston-KF556C40-8-2x8GB,kingston-fury-ddr5-5600-ddr5-5600
RAM,F4-2400C14Q2-128GRK,G.SKILL,Ripjaws 4 DDR4 2400 C14 8x16GB,19,121.0,53,https://ram.userbenchmark.com/GSKILL-Ripjaws-4-DDR4-2400-C14-8x16GB/Rating/3567,g-skill-ripjaws-4-ddr4-ddr4-2400
RAM,F4-3200C14Q-64GTZ,G.SKILL,Trident Z DDR4 3200 C14 4x16GB,20,116.0,1197,https://ram.userbenchmark.com/GSKILL-Trident-Z-DDR4-3200-C14-4x16GB/Rating/3612,g-skill-trident-z-ddr4-ddr4-3200
RAM,BLS4K8G4D240FSA,Crucial,Ballistix Sport DDR4 2400 C16 8x4GB,21,110.0,125,https://ram.userbenchmark.com/SpeedTest/93395/Crucial-BLS4G4D240FSAM8FAD-8x4GB,crucial-ballistix-sport-ddr4-ddr4-2400
RAM,BLE4K8G4D36BEEAK,Crucial,Ballistix Elite DDR4 3600 C16 4x8GB,22,108.0,1449,https://ram.userbenchmark.com/SpeedTest/811381/Crucial-BLE8G4D36BEEAKM8FE1-4x8GB,crucial-ballistix-elite-ddr4-ddr4-3600
RAM,F4-3200C14Q-32GFX,G.SKILL,Flare X DDR4 3200 C14 4x8GB,23,106.0,7103,https://ram.userbenchmark.com/SpeedTest/270794/GSKILL-F4-3200C14-8GFX-4x8GB,g-skill-flare-x-ddr4-ddr4-3200
RAM,F4-3200C15Q-64GTZ,G.SKILL,Trident Z DDR4 3200 C15 4x16GB,24,103.0,211,https://ram.userbenchmark.com/GSKILL-Trident-Z-DDR4-3200-C15-4x16GB/Rating/3613,g-skill-trident-z-ddr4-ddr4-3200
RAM,CMD64GX4M4B3000C15,Corsair,Dominator DDR4 3000 C15 4x16GB,25,99.3,133,https://ram.userbenchmark.com/Corsair-Dominator-DDR4-3000-C15-4x16GB/Rating/3565,corsair-dominator-ddr4-3000-ddr4-3000
RAM,F4-3600C16D-16GTZ,G.SKILL,Trident Z DDR4 3600 C16 2x8GB,26,97.8,4081,https://ram.userbenchmark.com/GSKILL-Trident-Z-DDR4-3600-C16-2x8GB/Rating/3562,g-skill-trident-z-ddr4-ddr4-3600
RAM,F4-3200C14D-16GFX,G.SKILL,Flare X DDR4 3200 C14 2x8GB,27,97.8,54616,https://ram.userbenchmark.com/SpeedTest/255366/GSKILL-F4-3200C14-8GFX-2x8GB,g-skill-flare-x-ddr4-ddr4-3200
RAM,BLS4K4G4D240FSA,Crucial,Ballistix Sport DDR4 2400 C16 4x4GB,28,97.4,1914,https://ram.userbenchmark.com/Crucial-Ballistix-Sport-DDR4-2400-C16-4x4GB/Rating/3561,crucial-ballistix-sport-ddr4-ddr4-2400
RAM,F4-3600C17D-16GTZ,G.SKILL,Trident Z DDR4 3600 C17 2x8GB,29,96.2,1785,https://ram.userbenchmark.com/GSKILL-Trident-Z-DDR4-3600-C17-2x8GB/Rating/3563,g-skill-trident-z-ddr4-ddr4-3600
RAM,CMK32GX4M4A2666C15,Corsair,Vengeance LPX DDR4 2666 C15 4x8GB,30,95.5,798,https://ram.userbenchmark.com/SpeedTest/89347/Corsair-Vengeance-LPX-CMK32GX4M4A2666C15-4x8GB,corsair-vengeance-lpx-ddr4-ddr4-2666
RAM,CMK32GX4M2Z3600C18,Corsair,Vengeance LPX DDR4 3600 C18 2x16GB,31,95.4,33503,https://ram.userbenchmark.com/SpeedTest/998434/Corsair-Vengeance-LPX-CMK32GX4M2Z3600C18-2x16GB,corsair-vengeance-lpx-ddr4-ddr4-3600
RAM,BLE2K8G4D36BEEAK,Crucial,Ballistix Elite DDR4 3600 C16 2x8GB,32,95.2,3032,https://ram.userbenchmark.com/SpeedTest/786050/Crucial-BLE8G4D36BEEAKM8FE1-2x8GB,crucial-ballistix-elite-ddr4-ddr4-3600
RAM,F4-3200C16Q-64GVK,G.SKILL,Ripjaws V DDR4 3200 C16 4x16GB,33,94.5,14506,https://ram.userbenchmark.com/GSKILL-Ripjaws-V-DDR4-3200-C16-4x16GB/Rating/3564,g-skill-ripjaws-v-ddr4-ddr4-3200
RAM,HX426C15FBK4/32,HyperX,Fury DDR4 2666 C15 4x8GB,34,92.4,7179,https://ram.userbenchmark.com/HyperX-Fury-DDR4-2666-C15-4x8GB/Rating/3570,hyperx-fury-ddr4-2666-ddr4-2666
RAM,F4-3000C15Q-16GRR,G.SKILL,Ripjaws 4 DDR4 3000 C15 4x4GB,35,92.1,3507,https://ram.userbenchmark.com/GSKILL-Ripjaws-4-DDR4-3000-C15-4x4GB/Rating/3540,g-skill-ripjaws-4-ddr4-ddr4-3000
RAM,F4-3000C15Q-16GRB,G.SKILL,Ripjaws 4 DDR4 3000 C15 4x4GB,35,92.1,3507,https://ram.userbenchmark.com/GSKILL-Ripjaws-4-DDR4-3000-C15-4x4GB/Rating/3540,g-skill-ripjaws-4-ddr4-ddr4-3000
RAM,F4-3000C15Q-16GRK,G.SKILL,Ripjaws 4 DDR4 3000 C15 4x4GB,35,92.1,3507,https://ram.userbenchmark.com/GSKILL-Ripjaws-4-DDR4-3000-C15-4x4GB/Rating/3540,g-skill-ripjaws-4-ddr4-ddr4-3000
RAM,F4-2800C16Q-16GRR,G.SKILL,Ripjaws 4 DDR4 2800 C16 4x4GB,36,91.9,1513,https://ram.userbenchmark.com/GSKILL-Ripjaws-4-DDR4-2800-C16-4x4GB/Rating/3608,g-skill-ripjaws-4-ddr4-ddr4-2800
RAM,F4-2800C16Q-16GRB,G.SKILL,Ripjaws 4 DDR4 2800 C16 4x4GB,36,91.9,1513,https://ram.userbenchmark.com/GSKILL-Ripjaws-4-DDR4-2800-C16-4x4GB/Rating/3608,g-skill-ripjaws-4-ddr4-ddr4-2800
RAM,F4-2800C16Q-16GRK,G.SKILL,Ripjaws 4 DDR4 2800 C16 4x4GB,36,91.9,1513,https://ram.userbenchmark.com/GSKILL-Ripjaws-4-DDR4-2800-C16-4x4GB/Rating/3608,g-skill-ripjaws-4-ddr4-ddr4-2800
RAM,F4-3600C17D-8GTZ,G.SKILL,Trident Z DDR4 3600 C17 2x4GB,37,91.4,153,https://ram.userbenchmark.com/GSKILL-Trident-Z-DDR4-3600-C17-2x4GB/Rating/3566,g-skill-trident-z-ddr4-ddr4-3600
RAM,CMR16GX4M2C3466C16,Corsair,Vengeance RGB DDR4 3466 C16 2x8GB,38,91.3,5267,https://ram.userbenchmark.com/SpeedTest/287318/Corsair-CMR16GX4M2C3466C16-2x8GB,corsair-vengeance-rgb-ddr4-ddr4-3466
RAM,CMK16GX4M4B3000C15,Corsair,Vengeance LPX DDR4 3000 C15 4x4GB,39,90.9,6794,https://ram.userbenchmark.com/Corsair-Vengeance-LPX-DDR4-3000-C15-4x4GB/Rating/3558,corsair-vengeance-lpx-ddr4-ddr4-3000
RAM,CMK16GX4M4B3000C15B,Corsair,Vengeance LPX DDR4 3000 C15 4x4GB,39,90.9,6794,https://ram.userbenchmark.com/Corsair-Vengeance-LPX-DDR4-3000-C15-4x4GB/Rating/3558,corsair-vengeance-lpx-ddr4-ddr4-3000
RAM,CMK16GX4M4B3000C15R,Corsair,Vengeance LPX DDR4 3000 C15 4x4GB,39,90.9,6794,https://ram.userbenchmark.com/Corsair-Vengeance-LPX-DDR4-3000-C15-4x4GB/Rating/3558,corsair-vengeance-lpx-ddr4-ddr4-3000
RAM,CMK16GX4M2D3600C18,Corsair,Vengeance LPX DDR4 3600 C18 2x8GB,40,89.4,87344,https://ram.userbenchmark.com/SpeedTest/808862/Corsair-Vengeance-LPX-CMK16GX4M2D3600C18-2x8GB,corsair-vengeance-lpx-ddr4-ddr4-3600
RAM,CMR16GX4M2C3600C18,Corsair,Vengeance RGB DDR4 3600 C18 2x8GB,41,89.0,5582,https://ram.userbenchmark.com/SpeedTest/315553/Corsair-CMR16GX4M2C3600C18-2x8GB,corsair-vengeance-rgb-ddr4-ddr4-3600
RAM,CMW32GX4M2C3200C16,Corsair,Vengeance RGB PRO DDR4 3200 C16 2x16GB,42,88.5,144399,https://ram.userbenchmark.com/SpeedTest/587593/Corsair-CMW32GX4M2C3200C16-2x16GB,corsair-vengeance-rgb-pro-ddr4-3200
RAM,CMK16GX4M4A2800C16,Corsair,Vengeance LPX DDR4 2800 C16 4x4GB,43,88.5,3970,https://ram.userbenchmark.com/Corsair-Vengeance-LPX-DDR4-2800-C16-4x4GB/Rating/3541,corsair-vengeance-lpx-ddr4-ddr4-2800
RAM,CMK16GX4M4A2800C16B,Corsair,Vengeance LPX DDR4 2800 C16 4x4GB,43,88.5,3970,https://ram.userbenchmark.com/Corsair-Vengeance-LPX-DDR4-2800-C16-4x4GB/Rating/3541,corsair-vengeance-lpx-ddr4-ddr4-2800
RAM,CMK16GX4M4A2800C16R,Corsair,Vengeance LPX DDR4 2800 C16 4x4GB,43,88.5,3970,https://ram.userbenchmark.com/Corsair-Vengeance-LPX-DDR4-2800-C16-4x4GB/Rating/3541,corsair-vengeance-lpx-ddr4-ddr4-2800
RAM,CMK16GX4M4A2666C16,Corsair,Vengeance LPX DDR4 2666 C16 4x4GB,44,87.9,5380,https://ram.userbenchmark.com/Corsair-Vengeance-LPX-DDR4-2666-C16-4x4GB/Rating/3557,corsair-vengeance-lpx-ddr4-ddr4-2666
RAM,CMK16GX4M4A2666C16B,Corsair,Vengeance LPX DDR4 2666 C16 4x4GB,44,87.9,5380,https://ram.userbenchmark.com/Corsair-Vengeance-LPX-DDR4-2666-C16-4x4GB/Rating/3557,corsair-vengeance-lpx-ddr4-ddr4-2666
RAM,CMK16GX4M4A2666C16R,Corsair,Vengeance LPX DDR4 2666 C16 4x4GB,44,87.9,5380,https://ram.userbenchmark.com/Corsair-Vengeance-LPX-DDR4-2666-C16-4x4GB/Rating/3557,corsair-vengeance-lpx-ddr4-ddr4-2666
RAM,CMK32GX4M2B3200C16,Corsair,Vengeance LPX DDR4 3200 C16 2x16GB,45,87.5,110884,https://ram.userbenchmark.com/SpeedTest/97244/Corsair-Vengeance-LPX-CMK32GX4M2B3200C16-2x16GB,corsair-vengeance-lpx-ddr4-ddr4-3200
RAM,CMK32GX4M4A2400C14,Corsair,Vengeance LPX DDR4 2400 C14 4x8GB,46,87.1,4858,https://ram.userbenchmark.com/Corsair-Vengeance-LPX-DDR4-2400-C14-4x8GB/Rating/3542,corsair-vengeance-lpx-ddr4-ddr4-2400
RAM,CMK32GX4M4A2400C14B,Corsair,Vengeance LPX DDR4 2400 C14 4x8GB,46,87.1,4858,https://ram.userbenchmark.com/Corsair-Vengeance-LPX-DDR4-2400-C14-4x8GB/Rating/3542,corsair-vengeance-lpx-ddr4-ddr4-2400
RAM,CMK32GX4M4A2400C14R,Corsair,Vengeance LPX DDR4 2400 C14 4x8GB,46,87.1,4858,https://ram.userbenchmark.com/Corsair-Vengeance-LPX-DDR4-2400-C14-4x8GB/Rating/3542,corsair-vengeance-lpx-ddr4-ddr4-2400
RAM,CMR32GX4M2C3000C15,Corsair,Vengeance RGB DDR4 3000 C15 2x16GB,47,87.0,1124,https://ram.userbenchmark.com/SpeedTest/335632/Corsair-CMR32GX4M2C3000C15-2x16GB,corsair-vengeance-rgb-ddr4-ddr4-3000
RAM,F4-3200C16D-16GTZB,G.SKILL,Trident Z DDR4 3200 C16 2x8GB,48,85.4,31641,https://ram.userbenchmark.com/GSKILL-Trident-Z-DDR4-3200-C16-2x8GB/Rating/3550,g-skill-trident-z-ddr4-ddr4-3200
RAM,CMK32GX4M4A2400C16,Corsair,Vengeance LPX DDR4 2400 C16 4x8GB,49,85.1,1486,https://ram.userbenchmark.com/SpeedTest/108268/Corsair-Vengeance-LPX-CMK32GX4M4A2400C16-4x8GB,corsair-vengeance-lpx-ddr4-ddr4-2400
RAM,CMK16GX4M2B3200C16,Corsair,Vengeance LPX DDR4 3200 C16 2x8GB,50,85.1,653654,https://ram.userbenchmark.com/Corsair-Vengeance-LPX-DDR4-3200-C16-2x8GB/Rating/3547,corsair-vengeance-lpx-ddr4-ddr4-3200
RAM,CMK16GX4M2B3200C16R,Corsair,Vengeance LPX DDR4 3200 C16 2x8GB,50,85.1,653654,https://ram.userbenchmark.com/Corsair-Vengeance-LPX-DDR4-3200-C16-2x8GB/Rating/3547,corsair-vengeance-lpx-ddr4-ddr4-3200
RAM,CMR16GX4M2C3200C16,Corsair,Vengeance RGB DDR4 3200 C16 2x8GB,51,85.0,17279,https://ram.userbenchmark.com/SpeedTest/298180/Corsair-CMR16GX4M2C3200C16-2x8GB,corsair-vengeance-rgb-ddr4-ddr4-3200
RAM,CMK32GX4M2E3200C16,Corsair,Vengeance LPX DDR4 3200 C16 2x16GB,52,84.9,86372,https://ram.userbenchmark.com/SpeedTest/814385/Corsair-Vengeance-LPX-CMK32GX4M2E3200C16-2x16GB,corsair-vengeance-lpx-ddr4-ddr4-3200
RAM,CMU16GX4M2C3200C16,Corsair,Vengeance LED DDR4 3200 C16 2x8GB,53,84.8,35811,https://ram.userbenchmark.com/SpeedTest/155727/Corsair-CMU16GX4M2C3200C16-2x8GB,corsair-vengeance-led-ddr4-ddr4-3200
RAM,CMU16GX4M2C3200C16B,Corsair,Vengeance LED DDR4 3200 C16 2x8GB,53,84.8,35811,https://ram.userbenchmark.com/SpeedTest/155727/Corsair-CMU16GX4M2C3200C16-2x8GB,corsair-vengeance-led-ddr4-ddr4-3200
RAM,CMU16GX4M2C3200C16R,Corsair,Vengeance LED DDR4 3200 C16 2x8GB,53,84.8,35811,https://ram.userbenchmark.com/SpeedTest/155727/Corsair-CMU16GX4M2C3200C16-2x8GB,corsair-vengeance-led-ddr4-ddr4-3200
RAM,CMK32GX4M4A2666C16,Corsair,Vengeance LPX DDR4 2666 C16 4x8GB,54,84.7,8498,https://ram.userbenchmark.com/Corsair-Vengeance-LPX-DDR4-2666-C16-4x8GB/Rating/3586,corsair-vengeance-lpx-ddr4-ddr4-2666
RAM,CMK32GX4M4A2666C16B,Corsair,Vengeance LPX DDR4 2666 C16 4x8GB,54,84.7,8498,https://ram.userbenchmark.com/Corsair-Vengeance-LPX-DDR4-2666-C16-4x8GB/Rating/3586,corsair-vengeance-lpx-ddr4-ddr4-2666
RAM,CMK32GX4M4A2666C16R,Corsair,Vengeance LPX DDR4 2666 C16 4x8GB,54,84.7,8498,https://ram.userbenchmark.com/Corsair-Vengeance-LPX-DDR4-2666-C16-4x8GB/Rating/3586,corsair-vengeance-lpx-ddr4-ddr4-2666
RAM,CMK16GX4M2E3200C16,Corsair,Vengeance LPX DDR4 3200 C16 2x8GB,55,84.5,32187,https://ram.userbenchmark.com/SpeedTest/812521/Corsair-Vengeance-LPX-CMK16GX4M2E3200C16-2x8GB,corsair-vengeance-lpx-ddr4-ddr4-3200
RAM,CMK32GX4M2B3000C15,Corsair,Vengeance LPX DDR4 3000 C15 2x16GB,56,84.4,34441,https://ram.userbenchmark.com/SpeedTest/92054/Corsair-Vengeance-LPX-CMK32GX4M2B3000C15-2x16GB,corsair-vengeance-lpx-ddr4-ddr4-3000
RAM,F4-3000C15D-16GTZB,G.SKILL,Trident Z DDR4 3000 C15 2x8GB,57,84.3,6723,https://ram.userbenchmark.com/GSKILL-Trident-Z-DDR4-3000-C15-2x8GB/Rating/3548,g-skill-trident-z-ddr4-ddr4-3000
RAM,F4-3200C16D-16GTZR,G.SKILL,Trident Z RGB DDR4 3200 C16 2x8GB,58,84.3,215644,https://ram.userbenchmark.com/SpeedTest/231020/GSKILL-F4-3200C16-8GTZR-2x8GB,g-skill-trident-z-rgb-ddr4-3200
RAM,HX426C15FBK2/8,HyperX,Fury DDR4 2666 C15 2x4GB,59,84.2,29751,https://ram.userbenchmark.com/HyperX-Fury-DDR4-2666-C15-2x4GB/Rating/3556,hyperx-fury-ddr4-2666-ddr4-2666
RAM,F4-3200C16D-16GVKB,G.SKILL,Ripjaws V DDR4 3200 C16 2x8GB,60,84.0,287720,https://ram.userbenchmark.com/SpeedTest/89324/GSKILL-F4-3200C16-8GVKB-2x8GB,g-skill-ripjaws-v-ddr4-ddr4-3200
RAM,CMK16GX4M4A2400C14,Corsair,Vengeance LPX DDR4 2400 C14 4x4GB,61,83.3,3926,https://ram.userbenchmark.com/Corsair-Vengeance-LPX-DDR4-2400-C14-4x4GB/Rating/3533,corsair-vengeance-lpx-ddr4-ddr4-2400
RAM,CMK16GX4M4A2400C14B,Corsair,Vengeance LPX DDR4 2400 C14 4x4GB,61,83.3,3926,https://ram.userbenchmark.com/Corsair-Vengeance-LPX-DDR4-2400-C14-4x4GB/Rating/3533,corsair-vengeance-lpx-ddr4-ddr4-2400
RAM,CMK16GX4M4A2400C14R,Corsair,Vengeance LPX DDR4 2400 C14 4x4GB,61,83.3,3926,https://ram.userbenchmark.com/Corsair-Vengeance-LPX-DDR4-2400-C14-4x4GB/Rating/3533,corsair-vengeance-lpx-ddr4-ddr4-2400
RAM,HX426C15FBK2/16,HyperX,Fury DDR4 2666 C15 2x8GB,62,83.2,37519,https://ram.userbenchmark.com/HyperX-Fury-DDR4-2666-C15-2x8GB/Rating/3553,hyperx-fury-ddr4-2666-ddr4-2666
RAM,CMD16GX4M2B3000C15,Corsair,Dominator DDR4 3000 C15 2x8GB,63,82.8,13611,https://ram.userbenchmark.com/Corsair-Dominator-DDR4-3000-C15-2x8GB/Rating/3597,corsair-dominator-ddr4-3000-ddr4-3000
RAM,CMR16GX4M2C3000C15,Corsair,Vengeance RGB DDR4 3000 C15 2x8GB,64,82.5,37802,https://ram.userbenchmark.com/SpeedTest/258851/Corsair-CMR16GX4M2C3000C15-2x8GB,corsair-vengeance-rgb-ddr4-ddr4-3000
RAM,CMU16GX4M2C3000C15,Corsair,Vengeance LED DDR4 3000 C15 2x8GB,65,82.5,40358,https://ram.userbenchmark.com/SpeedTest/156965/Corsair-CMU16GX4M2C3000C15-2x8GB,corsair-vengeance-led-ddr4-ddr4-3000
RAM,CMU16GX4M2C3000C15B,Corsair,Vengeance LED DDR4 3000 C15 2x8GB,65,82.5,40358,https://ram.userbenchmark.com/SpeedTest/156965/Corsair-CMU16GX4M2C3000C15-2x8GB,corsair-vengeance-led-ddr4-ddr4-3000
RAM,CMU16GX4M2C3000C15R,Corsair,Vengeance LED DDR4 3000 C15 2x8GB,65,82.5,40358,https://ram.userbenchmark.com/SpeedTest/156965/Corsair-CMU16GX4M2C3000C15-2x8GB,corsair-vengeance-led-ddr4-ddr4-3000
RAM,HX426C13PB3K2/16,HyperX,Predator 2666 C13 2x8GB,66,82.5,7627,https://ram.userbenchmark.com/SpeedTest/318273/Kingston-KHX2666C138GX-2x8GB,hyperx-predator-2666-c13-2666
RAM,CMZ64GX3M8A1600C9,Corsair,Vengeance DDR3 1600 C9 8x8GB,67,82.1,95,https://ram.userbenchmark.com/SpeedTest/100478/Corsair-Vengeance-CMZ64GX3M8A1600C9-8x8GB,corsair-vengeance-ddr3-1600-ddr3-1600
RAM,HX426C16FB2K2/16,HyperX,Fury 2666 C16 2x8GB,68,82.1,134977,https://ram.userbenchmark.com/SpeedTest/272118/Kingston-KHX2666C168G-2x8GB,hyperx-fury-2666-c16-2666
RAM,HX426C16FW2K2/16,HyperX,Fury 2666 C16 2x8GB,68,82.1,134977,https://ram.userbenchmark.com/SpeedTest/272118/Kingston-KHX2666C168G-2x8GB,hyperx-fury-2666-c16-2666
RAM,HX426C16FR2K2/16,HyperX,Fury 2666 C16 2x8GB,68,82.1,134977,https://ram.userbenchmark.com/SpeedTest/272118/Kingston-KHX2666C168G-2x8GB,hyperx-fury-2666-c16-2666
RAM,CMK16GX4M2B3000C15,Corsair,Vengeance LPX DDR4 3000 C15 2x8GB,69,81.9,606405,https://ram.userbenchmark.com/Corsair-Vengeance-LPX-DDR4-3000-C15-2x8GB/Rating/3546,corsair-vengeance-lpx-ddr4-ddr4-3000
RAM,CMK16GX4M2B3000C15B,Corsair,Vengeance LPX DDR4 3000 C15 2x8GB,69,81.9,606405,https://ram.userbenchmark.com/Corsair-Vengeance-LPX-DDR4-3000-C15-2x8GB/Rating/3546,corsair-vengeance-lpx-ddr4-ddr4-3000
RAM,CMK16GX4M2B3000C15R,Corsair,Vengeance LPX DDR4 3000 C15 2x8GB,69,81.9,606405,https://ram.userbenchmark.com/Corsair-Vengeance-LPX-DDR4-3000-C15-2x8GB/Rating/3546,corsair-vengeance-lpx-ddr4-ddr4-3000
RAM,CMK16GX4M2B3000C15W,Corsair,Vengeance LPX DDR4 3000 C15 2x8GB,69,81.9,606405,https://ram.userbenchmark.com/Corsair-Vengeance-LPX-DDR4-3000-C15-2x8GB/Rating/3546,corsair-vengeance-lpx-ddr4-ddr4-3000
RAM,HX424C15FBK4/16,HyperX,Fury DDR4 2400 C15 4x4GB,70,81.8,9857,https://ram.userbenchmark.com/HyperX-Fury-DDR4-2400-C15-4x4GB/Rating/3585,hyperx-fury-ddr4-2400-ddr4-2400
RAM,CMR16GX4M2D3000C16,Corsair,Vengeance RGB DDR4 3000 C16 2x8GB,71,81.5,7634,https://ram.userbenchmark.com/SpeedTest/465040/Corsair-CMR16GX4M2D3000C16-2x8GB,corsair-vengeance-rgb-ddr4-ddr4-3000
RAM,CMK8GX4M2B3000C15,Corsair,Vengeance LPX DDR4 3000 C15 2x4GB,72,81.1,28855,https://ram.userbenchmark.com/SpeedTest/90523/Corsair-Vengeance-LPX-CMK8GX4M2B3000C15-2x4GB,corsair-vengeance-lpx-ddr4-ddr4-3000
RAM,HX421C14FBK4/32,HyperX,Fury DDR4 2133 C14 4x8GB,73,80.9,6271,https://ram.userbenchmark.com/HyperX-Fury-DDR4-2133-C14-4x8GB/Rating/3569,hyperx-fury-ddr4-2133-ddr4-2133
RAM,CMK16GX4M4A2400C16,Corsair,Vengeance LPX DDR4 2400 C16 4x4GB,74,80.9,487,https://ram.userbenchmark.com/SpeedTest/89553/Corsair-Vengeance-LPX-CMK16GX4M4A2400C16-4x4GB,corsair-vengeance-lpx-ddr4-ddr4-2400
RAM,F4-3000C16D-16GTZR,G.SKILL,Trident Z RGB DDR4 3000 C16 2x8GB,75,80.8,84291,https://ram.userbenchmark.com/SpeedTest/236585/GSKILL-F4-3000C16-8GTZR-2x8GB,g-skill-trident-z-rgb-ddr4-3000
RAM,CMW16GX4M2C3000C15,Corsair,Vengeance RGB PRO DDR4 3200 C15 2x8GB,76,80.5,93353,https://ram.userbenchmark.com/SpeedTest/523893/Corsair-CMW16GX4M2C3000C15-2x8GB,corsair-vengeance-rgb-pro-ddr4-3200
RAM,CMK16GX4M2C3000C16,Corsair,Vengeance LPX DDR4 3000 C16 2x8GB,77,80.1,6179,https://ram.userbenchmark.com/SpeedTest/337520/Corsair-Vengeance-LPX-CMK16GX4M2C3000C16-2x8GB,corsair-vengeance-lpx-ddr4-ddr4-3000
RAM,CMK16GX4M2C3000C16B,Corsair,Vengeance LPX DDR4 3000 C16 2x8GB,77,80.1,6179,https://ram.userbenchmark.com/SpeedTest/337520/Corsair-Vengeance-LPX-CMK16GX4M2C3000C16-2x8GB,corsair-vengeance-lpx-ddr4-ddr4-3000
RAM,CMK16GX4M2C3000C16R,Corsair,Vengeance LPX DDR4 3000 C16 2x8GB,77,80.1,6179,https://ram.userbenchmark.com/SpeedTest/337520/Corsair-Vengeance-LPX-CMK16GX4M2C3000C16-2x8GB,corsair-vengeance-lpx-ddr4-ddr4-3000
RAM,CMK16GX4M2C3000C16W,Corsair,Vengeance LPX DDR4 3000 C16 2x8GB,77,80.1,6179,https://ram.userbenchmark.com/SpeedTest/337520/Corsair-Vengeance-LPX-CMK16GX4M2C3000C16-2x8GB,corsair-vengeance-lpx-ddr4-ddr4-3000
RAM,BLS4K8G4D240FSB,Crucial,Ballistix Sport LT DDR4 2400 C16 4x8GB,78,79.5,628,https://ram.userbenchmark.com/Crucial-Ballistix-Sport-LT-DDR4-2400-C16-4x8GB/Rating/3637,crucial-ballistix-sport-lt-ddr4-2400
RAM,BLS4K8G4D240FSC,Crucial,Ballistix Sport LT DDR4 2400 C16 4x8GB,78,79.5,628,https://ram.userbenchmark.com/Crucial-Ballistix-Sport-LT-DDR4-2400-C16-4x8GB/Rating/3637,crucial-ballistix-sport-lt-ddr4-2400
RAM,BLS4K8G4D240FSE,Crucial,Ballistix Sport LT DDR4 2400 C16 4x8GB,78,79.5,628,https://ram.userbenchmark.com/Crucial-Ballistix-Sport-LT-DDR4-2400-C16-4x8GB/Rating/3637,crucial-ballistix-sport-lt-ddr4-2400
RAM,HX424C15FBK2/16,HyperX,Fury DDR4 2400 C15 2x8GB,79,78.5,20912,https://ram.userbenchmark.com/HyperX-Fury-DDR4-2400-C15-2x8GB/Rating/3587,hyperx-fury-ddr4-2400-ddr4-2400
RAM,BLS2K8G4D240FSA,Crucial,Ballistix Sport DDR4 2400 C16 2x8GB,80,77.0,3887,https://ram.userbenchmark.com/Crucial-Ballistix-Sport-DDR4-2400-C16-2x8GB/Rating/3611,crucial-ballistix-sport-ddr4-ddr4-2400
RAM,BLS2K8G4D240FSB,Crucial,Ballistix Sport LT DDR4 2400 C16 2x8GB,81,76.9,9846,https://ram.userbenchmark.com/Crucial-Ballistix-Sport-LT-DDR4-2400-C16-2x8GB/Rating/3638,crucial-ballistix-sport-lt-ddr4-2400
RAM,BLS2K8G4D240FSC,Crucial,Ballistix Sport LT DDR4 2400 C16 2x8GB,81,76.9,9846,https://ram.userbenchmark.com/Crucial-Ballistix-Sport-LT-DDR4-2400-C16-2x8GB/Rating/3638,crucial-ballistix-sport-lt-ddr4-2400
RAM,BLS2K8G4D240FSE,Crucial,Ballistix Sport LT DDR4 2400 C16 2x8GB,81,76.9,9846,https://ram.userbenchmark.com/Crucial-Ballistix-Sport-LT-DDR4-2400-C16-2x8GB/Rating/3638,crucial-ballistix-sport-lt-ddr4-2400
RAM,CMK32GX4M2A2400C16,Corsair,Vengeance LPX DDR4 2400 C16 2x16GB,82,76.7,9729,https://ram.userbenchmark.com/SpeedTest/131225/Corsair-Vengeance-LPX-CMK32GX4M2A2400C16-2x16GB,corsair-vengeance-lpx-ddr4-ddr4-2400
RAM,CMK16GX4M2A2666C16,Corsair,Vengeance LPX DDR4 2666 C16 2x8GB,83,76.7,131007,https://ram.userbenchmark.com/Corsair-Vengeance-LPX-DDR4-2666-C16-2x8GB/Rating/3545,corsair-vengeance-lpx-ddr4-ddr4-2666
RAM,CMK16GX4M2A2666C16R,Corsair,Vengeance LPX DDR4 2666 C16 2x8GB,83,76.7,131007,https://ram.userbenchmark.com/Corsair-Vengeance-LPX-DDR4-2666-C16-2x8GB/Rating/3545,corsair-vengeance-lpx-ddr4-ddr4-2666
RAM,CMK8GX4M2A2400C16,Corsair,Vengeance LPX DDR4 2400 C16 2x4GB,84,76.5,11890,https://ram.userbenchmark.com/SpeedTest/105361/Corsair-Vengeance-LPX-CMK8GX4M2A2400C16-2x4GB,corsair-vengeance-lpx-ddr4-ddr4-2400
RAM,CMK8GX4M2A2666C16,Corsair,Vengeance LPX DDR4 2666 C16 2x4GB,85,76.3,16490,https://ram.userbenchmark.com/SpeedTest/90467/Corsair-Vengeance-LPX-CMK8GX4M2A2666C16-2x4GB,corsair-vengeance-lpx-ddr4-ddr4-2666
RAM,F4-2400C15Q-32GVR,G.SKILL,Ripjaws V DDR4 2400 C15 4x8GB,86,76.1,7414,https://ram.userbenchmark.com/GSKILL-Ripjaws-V-DDR4-2400-C15-4x8GB/Rating/3568,g-skill-ripjaws-v-ddr4-ddr4-2400
RAM,CMK32GX4M2A2666C16,Corsair,Vengeance LPX DDR4 2666 C16 2x16GB,87,75.8,29684,https://ram.userbenchmark.com/SpeedTest/92488/Corsair-Vengeance-LPX-CMK32GX4M2A2666C16-2x16GB,corsair-vengeance-lpx-ddr4-ddr4-2666
RAM,CMK16GX4M2A2400C16,Corsair,Vengeance LPX DDR4 2400 C16 2x8GB,88,75.8,105447,https://ram.userbenchmark.com/SpeedTest/92730/Corsair-Vengeance-LPX-CMK16GX4M2A2400C16-2x8GB,corsair-vengeance-lpx-ddr4-ddr4-2400
RAM,CMR16GX4M2A2666C16,Corsair,Vengeance RGB DDR4 2666 C16 2x8GB,89,75.7,8676,https://ram.userbenchmark.com/SpeedTest/282283/Corsair-CMR16GX4M2A2666C16-2x8GB,corsair-vengeance-rgb-ddr4-ddr4-2666
RAM,F3-2400C10Q-32GTX,G.SKILL,TridentX DDR3 2400 C10 4x8GB,90,74.3,7519,https://ram.userbenchmark.com/SpeedTest/89345/GSKILL-F3-2400C10-8GTX-4x8GB,g-skill-tridentx-ddr3-2400-ddr3-2400
RAM,CMU16GX4M2A2666C16,Corsair,Vengeance LED DDR4 2666 C16 2x8GB,91,74.0,14163,https://ram.userbenchmark.com/SpeedTest/152975/Corsair-CMU16GX4M2A2666C16-2x8GB,corsair-vengeance-led-ddr4-ddr4-2666
RAM,CMU16GX4M2A2666C16B,Corsair,Vengeance LED DDR4 2666 C16 2x8GB,91,74.0,14163,https://ram.userbenchmark.com/SpeedTest/152975/Corsair-CMU16GX4M2A2666C16-2x8GB,corsair-vengeance-led-ddr4-ddr4-2666
RAM,CMU16GX4M2A2666C16R,Corsair,Vengeance LED DDR4 2666 C16 2x8GB,91,74.0,14163,https://ram.userbenchmark.com/SpeedTest/152975/Corsair-CMU16GX4M2A2666C16-2x8GB,corsair-vengeance-led-ddr4-ddr4-2666
RAM,HX421C14FBK2/16,HyperX,Fury DDR4 2133 C14 2x8GB,92,73.2,59072,https://ram.userbenchmark.com/HyperX-Fury-DDR4-2133-C14-2x8GB/Rating/3552,hyperx-fury-ddr4-2133-ddr4-2133
RAM,HX421C14FB2K2/16,HyperX,Fury DDR4 2133 C14 2x8GB,92,73.2,59072,https://ram.userbenchmark.com/HyperX-Fury-DDR4-2133-C14-2x8GB/Rating/3552,hyperx-fury-ddr4-2133-ddr4-2133
RAM,CMU16GX4M2A2400C16,Corsair,Vengeance LED DDR4 2400 C16 2x8GB,93,73.1,2908,https://ram.userbenchmark.com/SpeedTest/293029/Corsair-CMU16GX4M2A2400C16-2x8GB,corsair-vengeance-led-ddr4-ddr4-2400
RAM,CMU16GX4M2A2400C16B,Corsair,Vengeance LED DDR4 2400 C16 2x8GB,93,73.1,2908,https://ram.userbenchmark.com/SpeedTest/293029/Corsair-CMU16GX4M2A2400C16-2x8GB,corsair-vengeance-led-ddr4-ddr4-2400
RAM,CMU16GX4M2A2400C16R,Corsair,Vengeance LED DDR4 2400 C16 2x8GB,93,73.1,2908,https://ram.userbenchmark.com/SpeedTest/293029/Corsair-CMU16GX4M2A2400C16-2x8GB,corsair-vengeance-led-ddr4-ddr4-2400
RAM,CMK16GX4M2A2400C14,Corsair,Vengeance LPX DDR4 2400 C14 2x8GB,94,72.6,66222,https://ram.userbenchmark.com/Corsair-Vengeance-LPX-DDR4-2400-C14-2x8GB/Rating/3544,corsair-vengeance-lpx-ddr4-ddr4-2400
RAM,CMK16GX4M2A2400C14R,Corsair,Vengeance LPX DDR4 2400 C14 2x8GB,94,72.6,66222,https://ram.userbenchmark.com/Corsair-Vengeance-LPX-DDR4-2400-C14-2x8GB/Rating/3544,corsair-vengeance-lpx-ddr4-ddr4-2400
RAM,F4-2400C15D-8GVR,G.SKILL,Ripjaws V DDR4 2400 C15 2x4GB,95,72.1,19452,https://ram.userbenchmark.com/GSKILL-Ripjaws-V-DDR4-2400-C15-2x4GB/Rating/3559,g-skill-ripjaws-v-ddr4-ddr4-2400
RAM,F4-2400C15D-16GVR,G.SKILL,Ripjaws V DDR4 2400 C15 2x8GB,96,71.5,98777,https://ram.userbenchmark.com/GSKILL-Ripjaws-V-DDR4-2400-C15-2x8GB/Rating/3549,g-skill-ripjaws-v-ddr4-ddr4-2400
RAM,F4-2400C15D-16GVB,G.SKILL,Ripjaws V DDR4 2400 C15 2x8GB,96,71.5,98777,https://ram.userbenchmark.com/GSKILL-Ripjaws-V-DDR4-2400-C15-2x8GB/Rating/3549,g-skill-ripjaws-v-ddr4-ddr4-2400
RAM,F4-2400C15D-16GVK,G.SKILL,Ripjaws V DDR4 2400 C15 2x8GB,96,71.5,98777,https://ram.userbenchmark.com/GSKILL-Ripjaws-V-DDR4-2400-C15-2x8GB/Rating/3549,g-skill-ripjaws-v-ddr4-ddr4-2400
RAM,F4-2400C15D-16GVS,G.SKILL,Ripjaws V DDR4 2400 C15 2x8GB,96,71.5,98777,https://ram.userbenchmark.com/GSKILL-Ripjaws-V-DDR4-2400-C15-2x8GB/Rating/3549,g-skill-ripjaws-v-ddr4-ddr4-2400
RAM,F4-2400C15D-16GVG,G.SKILL,Ripjaws V DDR4 2400 C15 2x8GB,96,71.5,98777,https://ram.userbenchmark.com/GSKILL-Ripjaws-V-DDR4-2400-C15-2x8GB/Rating/3549,g-skill-ripjaws-v-ddr4-ddr4-2400
RAM,CMK8GX4M2A2400C14,Corsair,Vengeance LPX DDR4 2400 C14 2x4GB,97,71.1,16770,https://ram.userbenchmark.com/SpeedTest/89740/Corsair-Vengeance-LPX-CMK8GX4M2A2400C14-2x4GB,corsair-vengeance-lpx-ddr4-ddr4-2400
RAM,F4-2133C15D-32GVR,G.SKILL,Ripjaws V DDR4 2133 C15 2x16GB,98,70.7,2716,https://ram.userbenchmark.com/GSKILL-Ripjaws-V-DDR4-2133-C15-2x16GB/Rating/3633,g-skill-ripjaws-v-ddr4-ddr4-2133
RAM,F4-2400C15D-16GRR,G.SKILL,Ripjaws 4 DDR4 2400 C15 2x8GB,99,70.6,7248,https://ram.userbenchmark.com/GSKILL-Ripjaws-4-DDR4-2400-C15-2x8GB/Rating/3551,g-skill-ripjaws-4-ddr4-ddr4-2400
RAM,HX421C14FBK2/8,HyperX,Fury DDR4 2133 C14 2x4GB,100,69.5,46617,https://ram.userbenchmark.com/HyperX-Fury-DDR4-2133-C14-2x4GB/Rating/3554,hyperx-fury-ddr4-2133-ddr4-2133
RAM,CMK16GX4M2A2133C13,Corsair,Vengeance LPX DDR4 2133 C13 2x8GB,101,69.2,47721,https://ram.userbenchmark.com/Corsair-Vengeance-LPX-DDR4-2133-C13-2x8GB/Rating/3543,corsair-vengeance-lpx-ddr4-ddr4-2133
RAM,CMK16GX4M2A2133C13R,Corsair,Vengeance LPX DDR4 2133 C13 2x8GB,101,69.2,47721,https://ram.userbenchmark.com/Corsair-Vengeance-LPX-DDR4-2133-C13-2x8GB/Rating/3543,corsair-vengeance-lpx-ddr4-ddr4-2133
RAM,F4-2133C15D-8GVR,G.SKILL,Ripjaws V DDR4 2133 C15 2x4GB,102,68.5,7720,https://ram.userbenchmark.com/GSKILL-Ripjaws-V-DDR4-2133-C15-2x4GB/Rating/3560,g-skill-ripjaws-v-ddr4-ddr4-2133
RAM,BLS2K4G4D240FSA,Crucial,Ballistix Sport DDR4 2400 C16 2x4GB,103,68.0,843,https://ram.userbenchmark.com/Crucial-Ballistix-Sport-DDR4-2400-C16-2x4GB/Rating/3601,crucial-ballistix-sport-ddr4-ddr4-2400
RAM,F4-2133C15D-16GVB,G.SKILL,Ripjaws V DDR4 2133 C15 2x8GB,104,67.9,16658,https://ram.userbenchmark.com/GSKILL-Ripjaws-V-DDR4-2133-C15-2x8GB/Rating/3632,g-skill-ripjaws-v-ddr4-ddr4-2133
RAM,F3-2400C10D-16GTX,G.SKILL,TridentX DDR3 2400 C10 2x8GB,105,67.0,24592,https://ram.userbenchmark.com/SpeedTest/89322/GSKILL-F3-2400C10-8GTX-2x8GB,g-skill-tridentx-ddr3-2400-ddr3-2400
RAM,HX324C11SRK2/16,HyperX,Savage DDR3 2400 C11 2x8GB,106,63.3,20216,https://ram.userbenchmark.com/SpeedTest/43621/Kingston-KHX2400C11D38GX-2x8GB,hyperx-savage-ddr3-2400-ddr3-2400
RAM,HX318C10FK2/16,HyperX,Fury DDR3 1866 C10 2x8GB,107,59.2,122541,https://ram.userbenchmark.com/SpeedTest/42962/Kingston-KHX1866C10D38G-2x8GB,hyperx-fury-ddr3-1866-ddr3-1866
RAM,HX318C10FBK2/16,HyperX,Fury DDR3 1866 C10 2x8GB,107,59.2,122541,https://ram.userbenchmark.com/SpeedTest/42962/Kingston-KHX1866C10D38G-2x8GB,hyperx-fury-ddr3-1866-ddr3-1866
RAM,HX318C10FRK2/16,HyperX,Fury DDR3 1866 C10 2x8GB,107,59.2,122541,https://ram.userbenchmark.com/SpeedTest/42962/Kingston-KHX1866C10D38G-2x8GB,hyperx-fury-ddr3-1866-ddr3-1866
RAM,HX318C10FWK2/16,HyperX,Fury DDR3 1866 C10 2x8GB,107,59.2,122541,https://ram.userbenchmark.com/SpeedTest/42962/Kingston-KHX1866C10D38G-2x8GB,hyperx-fury-ddr3-1866-ddr3-1866
RAM,CMY16GX3M2A2400C11,Corsair,Vengeance Pro DDR3 2400 C11 2x8GB,108,58.1,40596,https://ram.userbenchmark.com/SpeedTest/89568/Corsair-Vengeance-Pro-CMY16GX3M2A2400C11-2x8GB,corsair-vengeance-pro-ddr3-ddr3-2400
RAM,BLS2KIT4G3D1609DS1S00,Crucial,Ballistix Sport DDR3 1600 C9 2x4GB,109,56.0,44086,https://ram.userbenchmark.com/SpeedTest/50785/Crucial-BLS4G3D1609DS1S00-2x4GB,crucial-ballistix-sport-ddr3-ddr3-1600
RAM,BLS2CP4G3D1609DS1S00CEU,Crucial,Ballistix Sport DDR3 1600 C9 2x4GB,109,56.0,44086,https://ram.userbenchmark.com/SpeedTest/50785/Crucial-BLS4G3D1609DS1S00-2x4GB,crucial-ballistix-sport-ddr3-ddr3-1600
RAM,HX316C10FK2/16,HyperX,Fury DDR3 1600 C10 2x8GB,110,54.0,77652,https://ram.userbenchmark.com/SpeedTest/42910/Kingston-KHX1600C10D38G-2x8GB,hyperx-fury-ddr3-1600-ddr3-1600
RAM,HX316C10FBK2/16,HyperX,Fury DDR3 1600 C10 2x8GB,110,54.0,77652,https://ram.userbenchmark.com/SpeedTest/42910/Kingston-KHX1600C10D38G-2x8GB,hyperx-fury-ddr3-1600-ddr3-1600
RAM,HX316C10FRK2/16,HyperX,Fury DDR3 1600 C10 2x8GB,110,54.0,77652,https://ram.userbenchmark.com/SpeedTest/42910/Kingston-KHX1600C10D38G-2x8GB,hyperx-fury-ddr3-1600-ddr3-1600
RAM,HX316C10FWK2/16,HyperX,Fury DDR3 1600 C10 2x8GB,110,54.0,77652,https://ram.userbenchmark.com/SpeedTest/42910/Kingston-KHX1600C10D38G-2x8GB,hyperx-fury-ddr3-1600-ddr3-1600
RAM,F3-12800CL9D-8GBXL,G.SKILL,RipjawsX DDR3 1600 C9 2x4GB,111,52.7,47852,https://ram.userbenchmark.com/SpeedTest/89321/GSKILL-F3-12800CL9-4GBXL-2x4GB,g-skill-ripjawsx-ddr3-1600-ddr3-1600
RAM,HX316C10FK2/8,HyperX,Fury DDR3 1600 C10 2x4GB,112,51.4,27462,https://ram.userbenchmark.com/SpeedTest/42917/Kingston-KHX1600C10D38G-2x4GB,hyperx-fury-ddr3-1600-ddr3-1600
RAM,HX316C10FBK2/8,HyperX,Fury DDR3 1600 C10 2x4GB,112,51.4,27462,https://ram.userbenchmark.com/SpeedTest/42917/Kingston-KHX1600C10D38G-2x4GB,hyperx-fury-ddr3-1600-ddr3-1600
RAM,HX316C10FRK2/8,HyperX,Fury DDR3 1600 C10 2x4GB,112,51.4,27462,https://ram.userbenchmark.com/SpeedTest/42917/Kingston-KHX1600C10D38G-2x4GB,hyperx-fury-ddr3-1600-ddr3-1600
RAM,HX316C10FWK2/8,HyperX,Fury DDR3 1600 C10 2x4GB,112,51.4,27462,https://ram.userbenchmark.com/SpeedTest/42917/Kingston-KHX1600C10D38G-2x4GB,hyperx-fury-ddr3-1600-ddr3-1600
RAM,F3-14900CL10D-16GBXL,G.SKILL,RipjawsX DDR3 1866 C10 2x8GB,113,51.3,9944,https://ram.userbenchmark.com/SpeedTest/89210/GSKILL-F3-14900CL10-8GBXL-2x8GB,g-skill-ripjawsx-ddr3-1866-ddr3-1866
RAM,F3-12800CL10Q-32GBXL,G.SKILL,RipjawsX DDR3 1600 C10 4x8GB,114,51.2,4160,https://ram.userbenchmark.com/SpeedTest/90320/GSKILL-F3-12800CL10-8GBXL-4x8GB,g-skill-ripjawsx-ddr3-1600-ddr3-1600
RAM,HX318C10FK2/8,HyperX,Fury DDR3 1866 C10 2x4GB,115,51.2,38490,https://ram.userbenchmark.com/HyperX-Fury-DDR3-1866-C10-2x4GB/Rating/3588,hyperx-fury-ddr3-1866-ddr3-1866
RAM,HX318C10FBK2/8,HyperX,Fury DDR3 1866 C10 2x4GB,115,51.2,38490,https://ram.userbenchmark.com/HyperX-Fury-DDR3-1866-C10-2x4GB/Rating/3588,hyperx-fury-ddr3-1866-ddr3-1866
RAM,HX318C10FRK2/8,HyperX,Fury DDR3 1866 C10 2x4GB,115,51.2,38490,https://ram.userbenchmark.com/HyperX-Fury-DDR3-1866-C10-2x4GB/Rating/3588,hyperx-fury-ddr3-1866-ddr3-1866
RAM,HX318C10FWK2/8,HyperX,Fury DDR3 1866 C10 2x4GB,115,51.2,38490,https://ram.userbenchmark.com/HyperX-Fury-DDR3-1866-C10-2x4GB/Rating/3588,hyperx-fury-ddr3-1866-ddr3-1866
RAM,HX316C9SRK2/8,HyperX,Savage DDR3 1600 C9 2x4GB,116,51.1,78181,https://ram.userbenchmark.com/SpeedTest/43139/Kingston-KHX1600C9D34GX-2x4GB,hyperx-savage-ddr3-1600-ddr3-1600
RAM,CMX8GX3M2A1600C9,Corsair,XMS3 DDR3 1600 C9 2x4GB,117,49.6,11344,https://ram.userbenchmark.com/SpeedTest/89663/Corsair-XMS3-CMX8GX3M2A1600C9-2x4GB,corsair-xms3-ddr3-1600-ddr3-1600
RAM,F3-12800CL10D-16GBXL,G.SKILL,RipjawsX DDR3 1600 C10 2x8GB,118,49.0,28220,https://ram.userbenchmark.com/SpeedTest/89329/GSKILL-F3-12800CL10-8GBXL-2x8GB,g-skill-ripjawsx-ddr3-1600-ddr3-1600
RAM,CMZ8GX3M2A1600C9,Corsair,Vengeance DDR3 1600 C9 2x4GB,119,48.4,73650,https://ram.userbenchmark.com/SpeedTest/89203/Corsair-Vengeance-CMZ8GX3M2A1600C9-2x4GB,corsair-vengeance-ddr3-1600-ddr3-1600
RAM,BLS8G4D26BFSB,Crucial,Ballistix Sport LT DDR4 2666 C16 1x8GB,120,46.7,1416,https://ram.userbenchmark.com/SpeedTest/321149/Crucial-BLS8G4D26BFSC16FBD2-1x8GB,crucial-ballistix-sport-lt-ddr4-2666
RAM,BLS8G4D26BFSC,Crucial,Ballistix Sport LT DDR4 2666 C16 1x8GB,120,46.7,1416,https://ram.userbenchmark.com/SpeedTest/321149/Crucial-BLS8G4D26BFSC16FBD2-1x8GB,crucial-ballistix-sport-lt-ddr4-2666
RAM,BLS8G4D26BFSE,Crucial,Ballistix Sport LT DDR4 2666 C16 1x8GB,120,46.7,1416,https://ram.userbenchmark.com/SpeedTest/321149/Crucial-BLS8G4D26BFSC16FBD2-1x8GB,crucial-ballistix-sport-lt-ddr4-2666
RAM,BLS8G4D240FSB,Crucial,Ballistix Sport LT DDR4 2400 C16 1x8GB,121,43.1,20263,https://ram.userbenchmark.com/SpeedTest/142440/Crucial-BLS8G4D240FSB16FBD-1x8GB,crucial-ballistix-sport-lt-ddr4-2400
RAM,CT8G4DFD824A,Crucial,UDIMM DDR4 2400 C16 1x8GB,122,41.6,4182,https://ram.userbenchmark.com/SpeedTest/358525/Crucial-CT8G4DFD824AC16FHP-1x8GB,crucial-udimm-ddr4-2400-ddr4-2400
RAM,CMK8GX4M1A2400C16,Corsair,Vengeance LPX DDR4 2400 C16 1x8GB,123,41.6,47473,https://ram.userbenchmark.com/Corsair-Vengeance-LPX-DDR4-2400-C16-1x8GB/Rating/3610,corsair-vengeance-lpx-ddr4-ddr4-2400
RAM,CMK8GX4M1A2400C16R,Corsair,Vengeance LPX DDR4 2400 C16 1x8GB,123,41.6,47473,https://ram.userbenchmark.com/Corsair-Vengeance-LPX-DDR4-2400-C16-1x8GB/Rating/3610,corsair-vengeance-lpx-ddr4-ddr4-2400
RAM,CT16G4DFD824A,Crucial,UDIMM DDR4 2400 C16 1x16GB,124,41.5,2562,https://ram.userbenchmark.com/SpeedTest/228105/Crucial-CT16G4DFD824AC16FAD-1x16GB,crucial-udimm-ddr4-2400-ddr4-2400
RAM,HX421C14FB/8,HyperX,Fury DDR4 2133 C14 1x8GB,125,40.2,15315,https://ram.userbenchmark.com/HyperX-Fury-DDR4-2133-C14-1x8GB/Rating/3555,hyperx-fury-ddr4-2133-ddr4-2133
RAM,CMK8GX4M1A2400C14,Corsair,Vengeance LPX DDR4 2400 C14 1x8GB,126,38.7,19648,https://ram.userbenchmark.com/SpeedTest/89446/Corsair-Vengeance-LPX-CMK8GX4M1A2400C14-1x8GB,corsair-vengeance-lpx-ddr4-ddr4-2400
RAM,CT4G4DFS824A,Crucial,UDIMM DDR4 2400 C17 1x4GB,127,38.7,4926,https://ram.userbenchmark.com/SpeedTest/372497/Crucial-CT4G4DFS824AC8FHP-1x4GB,crucial-udimm-ddr4-2400-ddr4-2400
RAM,CMK4GX4M1A2400C14,Corsair,Vengeance LPX DDR4 2400 C14 1x4GB,128,38.7,876,https://ram.userbenchmark.com/SpeedTest/97522/Corsair-Vengeance-LPX-CMK4GX4M1A2400C14-1x4GB,corsair-vengeance-lpx-ddr4-ddr4-2400
RAM,F4-2133C15S-4GNT,G.SKILL,Value DDR4 2133 C15 1x4GB,129,37.6,570,https://ram.userbenchmark.com/SpeedTest/109263/GSKILL-F4-2133C15-4GNT-1x4GB,g-skill-value-ddr4-2133-ddr4-2133
RAM,CMV4GX4M1A2133C15,Corsair,ValueSelect DDR4 2133 C15 1x4GB,130,37.3,1245,https://ram.userbenchmark.com/SpeedTest/96727/Corsair-ValueSelect-CMV4GX4M1A2133C15-1x4GB,corsair-valueselect-ddr4-2133-ddr4-2133
RAM,CMZ8GX3M1A1600C10,Corsair,Vengeance DDR3 1600 C10 1x8GB,131,30.8,11204,https://ram.userbenchmark.com/SpeedTest/89201/Corsair-Vengeance-CMZ8GX3M1A1600C10-1x8GB,corsair-vengeance-ddr3-1600-ddr3-1600
RAM,F3-12800CL9S-4GBRL,G.SKILL,Ripjaws DDR3 1600 C9 1x4GB,132,29.0,911,https://ram.userbenchmark.com/SpeedTest/90810/GSKILL-F3-12800CL9-4GBRL-1x4GB,g-skill-ripjaws-ddr3-1600-ddr3-1600
RAM,F3-12800CL10S-8GBXL,G.SKILL,RipjawsX DDR3 1600 C10 1x8GB,133,27.7,4460,https://ram.userbenchmark.com/SpeedTest/89412/GSKILL-F3-12800CL10-8GBXL-1x8GB,g-skill-ripjawsx-ddr3-1600-ddr3-1600
