name,price,rpm,noise_level,color,size,slug
Thermalright Peerless Assassin 120 SE,34.9,1550,25.6,Black / Silver,,thermalright-peerless-assassin-120-se
ARCTIC Liquid Freezer III Pro 360,84.99,"600,3000",,Black,360.0,liquid-freezer-iii-pro-360
Cooler Master Hyper 212 Black Edition,25.99,"650,2000","6.5,26",Black,,cooler-master-hyper-212-black-edition
Thermalright Phantom Spirit 120 SE ARGB,37.9,1500,25.6,Black / Silver,,thermalright-phantom-spirit-120-se-argb
Thermalright Aqua Elite V3,54.9,1500,25.6,Black,360.0,thermalright-aqua-elite-v3
Noctua NH-D15 chromax.black,139.94,"300,1500","19.2,24.6",Black,,nh-d15-chromax-black
NZXT Kraken 360,179.99,"500,1800","17.9,30.6",Black,360.0,kraken-360
Corsair NAUTILUS 360 RS ARGB,129.99,2100,34,Black,360.0,nautilus-360-rs-argb
ARCTIC Liquid Freezer III 360 A-RGB,159.99,"200,2000",,Black,360.0,liquid-freezer-iii-360-a-rgb
Thermalright Assassin X 120 Refined SE,17.89,1550,25.6,Black / Silver,,thermalright-assassin-x-120-refined-se
Cooler Master MasterLiquid 360L Core ARGB,74.98,"350,1750",27.2,Black,360.0,cooler-master-masterliquid-360l-core-argb
ARCTIC Liquid Freezer III Pro A-RGB 360,93.99,"600,3000",,Black,360.0,liquid-freezer-iii-pro-a-rgb-360
Thermalright Phantom Spirit 120 SE,35.9,1500,25.6,Black / Silver,,thermalright-phantom-spirit-120-se
ID-COOLING SE-214-XT ARGB,17.98,"500,1500","13.8,30.5",Black,,id-cooling-se-214-xt-argb
NZXT Kraken 240,99.99,"500,1800","17.9,30.6",Black,240.0,kraken-240
Thermalright Aqua Elite V3,44.9,1500,25.6,Black,240.0,thermalright-aqua-elite-v3
Thermalright Peerless Assassin 120 SE ARGB,36.9,1550,25.6,Black,,thermalright-peerless-assassin-120-se-argb
ARCTIC Liquid Freezer III 360 A-RGB,149.99,"200,2000",,White,360.0,liquid-freezer-iii-360-a-rgb
AMD Wraith Prism,62.35,2800,42,,,amd-wraith-prism
ARCTIC Freezer 36,44.19,"200,1800",,Black,,freezer-36
Corsair NAUTILUS 360 RS ARGB,129.99,2100,34,White,360.0,nautilus-360-rs-argb
ARCTIC Liquid Freezer III Pro A-RGB 360,100.49,"600,3000",,White,360.0,liquid-freezer-iii-pro-a-rgb-360
Thermalright Phantom Spirit EVO,59.99,2150,27,Black,,thermalright-phantom-spirit-evo
Noctua NH-D15,129.94,"300,1500","19.2,24.6",,,nh-d15
be quiet! Dark Rock Pro 5,99.9,"1300,2000","8.9,23.3",Black,,be-quiet-dark-rock-pro-5
NZXT Kraken 360 RGB,219.99,"500,1800","17.9,30.6",White,360.0,kraken-360-rgb
Asus ROG STRIX LC 360 RGB GUNDAM,1621.0,"800,2500",37.6,White,360.0,asus-rog-strix-lc-360-rgb-gundam
Thermalright Frozen Notte ARGB,55.39,2000,27.7,Black,360.0,thermalright-frozen-notte-argb
Thermalright Peerless Assassin 120 SE WHITE ARGB,36.9,1550,25.6,White,,thermalright-peerless-assassin-120-se-white-argb
ARCTIC Liquid Freezer III Pro,70.98,"600,3000",,Black,240.0,liquid-freezer-iii-pro
Corsair iCUE LINK TITAN 360 RX LCD,194.99,"300,2100","10,36",Black,360.0,icue-link-titan-360-rx-lcd
ID-COOLING FROZN A620 PRO SE,29.99,"300,2000",27.2,Black,,id-cooling-frozn-a620-pro-se
Noctua NH-L9x65 chromax.black,79.95,"600,2500","14.8,23.6",Black,,nh-l9x65-chromax-black
Thermalright Assassin King SE ARGB,19.09,1550,25.6,White,,thermalright-assassin-king-se-argb
Lian Li Galahad II Trinity SL-INF,168.99,2100,29,Black,360.0,lian-li-galahad-ii-trinity-sl-inf
NZXT Kraken 360 RGB,199.99,"500,1800","17.9,30.6",Black,360.0,kraken-360-rgb
Noctua NH-L9A-AM5,49.95,"600,2500","14.8,23.6",Brown / Silver,,nh-l9a-am5
Thermalright Assassin X SE,16.89,2200,23.85,Black / Silver,,thermalright-assassin-x-se
Asus ROG Ryujin III 360 ARGB Extreme,374.99,"1,2800",36,Black,360.0,asus-rog-ryujin-iii-360-argb-extreme
Thermalright Aqua Elite V3,54.59,1500,25.6,White,360.0,thermalright-aqua-elite-v3
Cooler Master MasterLiquid 240L Core ARGB,84.99,"350,1750",27.2,Black,240.0,cooler-master-masterliquid-240l-core-argb
Thermalright AQUA ELITE ARGB V4,60.9,1550,25.6,Black,360.0,thermalright-aqua-elite-argb-v4
Lian Li Hydroshift LCD 360S,179.99,"200,2500",29.8,White,360.0,lian-li-hydroshift-lcd-360s
ID-COOLING SE-903-XT,14.99,"500,2200",25.8,Black,,id-cooling-se-903-xt
Cooler Master Hyper 212 (2023),25.99,"690,2500",32.8,Black,,cooler-master-hyper-212-2023
Lian Li Hydroshift LCD 360S,174.49,"200,2500",29.8,Black,360.0,lian-li-hydroshift-lcd-360s
Cooler Master Hyper 212 Spectrum V3,16.98,"650,1750",27.2,Black / Silver,,cooler-master-hyper-212-spectrum-v3
Noctua NH-L9A-AM5 CHROMAX.BLACK,59.95,"600,2500","14.8,23.6",Black,,nh-l9a-am5-chromax-black
NZXT Kraken 240 RGB,114.99,"500,1800","17.9,30.6",White,240.0,kraken-240-rgb
Corsair NAUTILUS 240 RS ARGB,99.99,2100,34,Black,240.0,nautilus-240-rs-argb
NZXT Kraken Elite 360 RGB (2024),289.99,"500,2400",30,White,360.0,kraken-elite-360-rgb-2024
Thermalright AXP90-X47,22.39,2700,22.4,Black,,thermalright-axp90-x47
MSI MAG CORELIQUID A13,109.99,,,Black,360.0,msi-mag-coreliquid-a13
Corsair iCUE LINK TITAN 360 RX RGB,199.95,"300,2100",,Black,360.0,icue-link-titan-360-rx-rgb
Thermalright Assassin Spirit 120 EVO,25.39,2000,28.2,Black,,thermalright-assassin-spirit-120-evo
Noctua NH-U12A chromax.black,139.94,"450,2000","18.8,22.6",Black,,nh-u12a-chromax-black
TRYX PANORAMA SE ARGB,279.99,"500,1850",,Black,360.0,tryx-panorama-se-argb
Thermalright Assassin Spirit 120 EVO DARK,25.9,1850,27,Black,,thermalright-assassin-spirit-120-evo-dark
NZXT Kraken Elite 360 RGB,299.99,"500,1800","17.9,30.6",Black,360.0,kraken-elite-360-rgb
Thermalright Peerless Assassin 120 Black,48.69,1550,25.6,Black,,thermalright-peerless-assassin-120-black
Corsair iCUE LINK TITAN 360 RX LCD,219.99,"300,2100","10,36",White,360.0,icue-link-titan-360-rx-lcd
Noctua NH-U12S chromax.black,99.95,"300,1500","18.6,22.4",Black,,nh-u12s-chromax-black
Thermalright Assassin X 120 R Digital ARGB,24.9,2000,29.8,Black,,thermalright-assassin-x-120-r-digital-argb
Thermalright Peerless Assassin 120 White,47.59,1550,25.6,White,,thermalright-peerless-assassin-120-white
Lian Li Galahad II Trinity SL-INF,179.99,2100,29,White,360.0,lian-li-galahad-ii-trinity-sl-inf
TRYX PANORAMA SE ARGB,279.99,"500,1850",,White,360.0,tryx-panorama-se-argb
Noctua NH-D15 G2,179.95,1500,24.8,Brown / Silver,,nh-d15-g2
Corsair NAUTILUS 360 RS,104.99,2100,34,Black,360.0,nautilus-360-rs
ID-COOLING FROZN A410 BLACK,26.99,"500,2000",29.85,Black,,id-cooling-frozn-a410-black
be quiet! Dark Rock 5,72.9,2100,"11.9,29.8",Black,,be-quiet-dark-rock-5
NZXT Kraken Elite 360 (2024),269.99,"500,2000",30,Black,360.0,kraken-elite-360-2024
be quiet! Pure Rock 3,34.9,2000,"12.4,31.2",Black,,be-quiet-pure-rock-3
ARCTIC Liquid Freezer III 280,129.99,"200,1700",,Black,280.0,liquid-freezer-iii-280
Intel E97379-001,19.98,"1200,2800",22,Silver / Black,,intel-e97379-001
Noctua NH-D9L,84.95,"400,2000","16.3,22.8",,,nh-d9l
ARCTIC Liquid Freezer III 240 A-RGB,119.91,"200,2000",,Black,240.0,liquid-freezer-iii-240-a-rgb
Noctua NH-L12S,74.95,"450,1850","16.8,23.9",,,nh-l12s
Thermalright Assassin X Refined SE RGB V2,17.29,1550,25.6,Black / Silver,,thermalright-assassin-x-refined-se-rgb-v2
ID-COOLING SE-214-XT ARGB,17.98,"500,1500","13.8,30.5",White,,id-cooling-se-214-xt-argb
ARCTIC Liquid Freezer III 420 A-RGB,159.99,"200,1900",,Black,420.0,liquid-freezer-iii-420-a-rgb
NZXT Kraken 240 RGB,119.99,"500,1800","17.9,30.6",Black,240.0,kraken-240-rgb
Montech HyperFlow ARGB 360,97.99,2200,29.1,Black,360.0,montech-hyperflow-argb-360
Lian Li Galahad II LCD SL-INF,259.99,,29,Black,360.0,lian-li-galahad-ii-lcd-sl-inf
Noctua NH-D15S chromax.black,129.94,"300,1500","19.2,24.6",Black,,nh-d15s-chromax-black
Thermalright AQUA ELITE ARGB V4,52.19,1550,25.6,White,360.0,thermalright-aqua-elite-argb-v4
Thermalright Peerless Assassin 120 SE V3,34.9,2000,29.8,Black / Silver,,thermalright-peerless-assassin-120-se-v3
NZXT Kraken Elite RGB (2025),334.99,"500,2000",34.5,Black,420.0,kraken-elite-rgb-2025
Cooler Master Hyper 212 RGB Black Edition,27.88,"650,2000","8,30",Black,,cooler-master-hyper-212-rgb-black-edition
Thermalright Frozen Notte ARGB,48.9,2000,27.7,White,240.0,thermalright-frozen-notte-argb
Thermalright Assassin X 120 R Digital ARGB,24.9,2000,29.8,White,,thermalright-assassin-x-120-r-digital-argb
ARCTIC Liquid Freezer III 360,200.0,"200,1800",,Black,360.0,liquid-freezer-iii-360
Thermalright AXP90-X47,40.9,2700,22.4,Orange / Brown,,thermalright-axp90-x47
be quiet! Pure Rock Pro 3,54.9,2000,"14,34.8",Black,,be-quiet-pure-rock-pro-3
TRYX PANORAMA ARGB (2025),358.44,"500,1850",28.87,Black,360.0,tryx-panorama-argb-2025
be quiet! Silent Loop 3,154.94,2500,"19.8,38.8",Black,360.0,be-quiet-silent-loop-3
Thermalright Assassin X Refined SE PLUS,19.79,1550,25.6,Black / Silver,,thermalright-assassin-x-refined-se-plus
ARCTIC Alpine 23,11.89,"100,2000",,White / Black,,alpine-23
ID-COOLING FX360 PRO,59.99,"500,1800",35.2,Black,360.0,id-cooling-fx360-pro
Thermalright Frozen Notte ARGB,47.29,2000,27.7,Black,240.0,thermalright-frozen-notte-argb
Thermalright Frozen Warframe ARGB,81.09,2000,22.1,Black,360.0,thermalright-frozen-warframe-argb
Cooler Master MASTERLIQUID ML240L RGB V2,86.62,"650,1800","6,27",Black,240.0,cooler-master-masterliquid-ml240l-rgb-v2
Corsair iCUE LINK H100i RGB,119.99,"480,2400",,Black,240.0,icue-link-h100i-rgb
Thermalright Frozen Infinity 360 ARGB,52.59,2000,28.2,White,360.0,thermalright-frozen-infinity-360-argb
Thermalright Peerless Assassin 120 SE,36.59,1550,25.6,Black,,thermalright-peerless-assassin-120-se
NZXT Kraken Elite 360 RGB (2024),289.99,"500,2400",30,Black,360.0,kraken-elite-360-rgb-2024
Thermalright Phantom Spirit,37.9,1500,25.6,Black / Silver,,thermalright-phantom-spirit
Noctua NH-U12S redux,54.95,"450,1700",25.1,Gray / Silver,,nh-u12s-redux
Thermalright AXP90-X53 FULL,35.9,2700,22.4,Copper / Orange,,thermalright-axp90-x53-full
Corsair NAUTILUS 240 RS,89.99,2100,34,Black,240.0,nautilus-240-rs
Thermalright Aqua Elite V3,44.9,1500,25.6,White,240.0,thermalright-aqua-elite-v3
be quiet! Pure Rock Slim 2,36.77,,"13.1,25.4",Black / Silver,,be-quiet-pure-rock-slim-2
Thermalright Peerless Assassin 120 Digital ARGB,45.9,1850,25.6,Black,,thermalright-peerless-assassin-120-digital-argb
Vetroo V5,29.99,"800,1700",30.8,Black,,vetroo-v5
Noctua NH-D15 G2 LBC,179.95,1500,24.8,Brown / Silver,,nh-d15-g2-lbc
Noctua NH-U9S chromax.black,74.95,"400,2000","16.3,22.8",Black,,nh-u9s-chromax-black
Thermalright Assassin X Refined SE,17.89,1550,25.6,White / Silver,,thermalright-assassin-x-refined-se
ARCTIC Freezer 36 A-RGB,48.37,"200,2000",,Black,,freezer-36-a-rgb
TRYX PANORAMA ARGB (2025),359.95,"500,1850",28.87,White,360.0,tryx-panorama-argb-2025
Asus ROG Ryujin III ARGB Extreme,389.99,"1,2800",36,White,360.0,asus-rog-ryujin-iii-argb-extreme
ARCTIC Liquid Freezer III 420,190.0,"200,1700",,Black,420.0,liquid-freezer-iii-420
Thermalright AXP90-X47,21.9,2700,22.4,White,,thermalright-axp90-x47
Thermalright Peerless Assassin 140,43.29,1500,25.6,White,,thermalright-peerless-assassin-140
Thermalright AQUA ELITE ARGB V4,43.99,1550,25.6,White,240.0,thermalright-aqua-elite-argb-v4
Cooler Master Hyper 212 Halo,28.99,"650,2050",27,Black,,cooler-master-hyper-212-halo
Corsair iCUE H150i ELITE CAPELLIX XT,368.0,"550,2100",,White,360.0,icue-h150i-elite-capellix-xt
Noctua NH-L9a-AM4,49.95,"600,2500","14.8,23.6",Brown,,nh-l9a-am4
be quiet! Pure Rock 2 Black,49.9,1500,"19.1,26.8",Black,,be-quiet-pure-rock-2-black
Lian Li Galahad II LCD SL-INF,249.99,,29,White,360.0,lian-li-galahad-ii-lcd-sl-inf
Noctua NH-U12A,129.9,"450,2000","18.8,22.6",Brown,,nh-u12a
Thermalright Peerless Assassin MINI,37.39,1500,25.6,Black,,thermalright-peerless-assassin-mini
Thermalright Frozen Prism ARGB,52.39,1850,27,White,360.0,thermalright-frozen-prism-argb
MSI MAG CORELIQUID A13,79.99,,,Black,240.0,msi-mag-coreliquid-a13
NZXT Kraken 280,139.99,"500,1500","19.4,32.1",Black,280.0,kraken-280
Thermalright Frozen Prism,56.89,1850,27,Black,360.0,thermalright-frozen-prism
Thermalright Frozen Warframe ARGB,81.09,2000,22.1,White,360.0,thermalright-frozen-warframe-argb
Thermalright AXP120-X67,29.9,1800,26.1,Gray,,thermalright-axp120-x67
Iceberg Thermal IceFLOE T95,9.99,"1000,2200",32.3,Teal / Silver,,iceberg-thermal-icefloe-t95
Thermalright Aqua Elite V3,34.59,1500,25.6,Black,120.0,thermalright-aqua-elite-v3
ID-COOLING FX240 PRO,54.99,"500,1800",35.2,Black,240.0,id-cooling-fx240-pro
Asus ProArt LC 420,349.99,"800,2000",31.5,Black,420.0,asus-proart-lc-420
ARCTIC Freezer 36,37.71,"200,1800",,Black / Silver,,freezer-36
Thermalright Phantom Spirit SE,37.9,1500,25.6,Black,,thermalright-phantom-spirit-se
Thermalright Burst Assassin 120 SE ARGB,23.39,1550,25.6,Black / Silver,,thermalright-burst-assassin-120-se-argb
Noctua NH-L9i chromax.black,59.95,"600,2500","14.8,23.6",Black,,nh-l9i-chromax-black
ID-COOLING FX360 INF,69.98,"300,2000",27.2,Black,360.0,id-cooling-fx360-inf
Vetroo V240,49.88,"800,1800",30.8,Black,240.0,vetroo-v240
Corsair iCUE LINK TITAN 360 RX RGB,179.99,"300,2100",,White,360.0,icue-link-titan-360-rx-rgb
Thermalright Peerless Assassin 90 SE,23.39,2200,23.85,Black,,thermalright-peerless-assassin-90-se
Thermalright Frozen Edge,44.9,2150,28.1,Black,240.0,thermalright-frozen-edge
be quiet! Pure Rock 2,42.99,1500,"19.1,26.8",Silver / Black,,be-quiet-pure-rock-2
Noctua NH-L9i-17xx chromax.black,59.95,"600,2500","14.8,23.6",Black,,nh-l9i-17xx-chromax-black
Cooler Master Hyper 212 Pro,27.88,"690,2500",32.8,Black,,cooler-master-hyper-212-pro
Asus ROG Ryujin III ARGB,894.0,"600,2200",36.45,Black,360.0,asus-rog-ryujin-iii-argb
ID-COOLING FROZN A620 BLACK,39.99,"500,2000",29.85,Black,,id-cooling-frozn-a620-black
Thermalright AXP90-X53,21.39,2700,22.4,Gray,,thermalright-axp90-x53
Cooler Master MasterLiquid 360L Core ARGB,80.01,"350,1750",27.2,White,360.0,cooler-master-masterliquid-360l-core-argb
ARCTIC Freezer 36 A-RGB,49.19,"200,2000",,White,,freezer-36-a-rgb
MSI MEG CORELIQUID S360,300.0,,22.7,Black,360.0,msi-meg-coreliquid-s360
ID-COOLING FROZN A410 SE,24.99,"300,1800",24.8,Black,,id-cooling-frozn-a410-se
Thermalright AXP90-X36,21.9,2700,22.4,Gray,,thermalright-axp90-x36
Thermalright Peerless Assassin 140,45.39,1500,25.6,Black,,thermalright-peerless-assassin-140
Lian Li Galahad II Lite RGB,99.99,"300,2500",34.8,Black,360.0,lian-li-galahad-ii-lite-rgb
Thermalright Assassin X 90 SE ARGB,18.89,2200,23.85,Black / Silver,,thermalright-assassin-x-90-se-argb
Phanteks Glacier One 360M25 G2,99.99,"350,2000",35.13,Black,360.0,phanteks-glacier-one-360m25-g2
be quiet! Silent Loop 3,158.0,1900,"19.4,34.3",Black,420.0,be-quiet-silent-loop-3
MSI MAG CORELIQUID A13,107.99,,,White,360.0,msi-mag-coreliquid-a13
Thermalright Burst Assassin 120 SE,21.69,1550,25.6,Black / Silver,,thermalright-burst-assassin-120-se
NZXT Kraken 120,89.09,"500,2000","21,36",Black,120.0,kraken-120
Gigabyte AORUS WATERFORCE II 360 ICE,129.99,"800,2300","12.8,36.9",White,360.0,gigabyte-aorus-waterforce-ii-360-ice
NZXT Kraken Elite RGB (2025),334.99,"500,2000",34.5,White,420.0,kraken-elite-rgb-2025
Asus ROG Ryujin III,299.99,"450,2000",29.7,Black,360.0,asus-rog-ryujin-iii
ARCTIC Liquid Freezer III 240 A-RGB,118.99,"200,2000",,White,240.0,liquid-freezer-iii-240-a-rgb
Cooler Master Hyper 212 EVO,120.72,"600,2000","9,36",,,cooler-master-hyper-212-evo
Thermalright Frozen Prism ARGB,56.9,1850,27,Black,360.0,thermalright-frozen-prism-argb
ID-COOLING SE-214-XT PLUS,19.98,"700,1800",35.2,Black / Silver,,id-cooling-se-214-xt-plus
Thermalright AQUA ELITE ARGB V4,45.49,1550,25.6,Black,240.0,thermalright-aqua-elite-argb-v4
Thermalright Assassin Spirit 120 EVO WHITE ARGB,22.9,1850,27,White,,thermalright-assassin-spirit-120-evo-white-argb
Thermaltake Gravity i2,12.78,1800,21.3,,,thermaltake-gravity-i2
Thermalright Frozen Edge,59.59,2150,28.1,Black,360.0,thermalright-frozen-edge
be quiet! Pure Loop 2 FX,149.99,,"8,34",Black,360.0,be-quiet-pure-loop-2-fx
ID-COOLING FROSTFLOW X,53.99,"800,1600","16.8,32.6",Black / Silver,280.0,id-cooling-frostflow-x
Thermalright Mjolnir Vision 360 ARGB,106.59,2150,27,White,360.0,thermalright-mjolnir-vision-360-argb
ARCTIC Liquid Freezer III 280 A-RGB,138.99,"200,1900",,Black,280.0,liquid-freezer-iii-280-a-rgb
Noctua NH-L9i,49.95,"600,2500","14.8,23.6",Brown,,nh-l9i
ID-COOLING FROZN A720 BLACK,69.98,"500,2000",33.5,Black,,id-cooling-frozn-a720-black
NZXT T120 RGB,32.99,"500,1800","17.2,27.5",Black,,t120-rgb
Thermalright Royal Knight 120,34.9,2150,29.4,Black,,thermalright-royal-knight-120
Noctua NH-D12L CHROMAX.BLACK,109.95,"450,2000","18.8,22.6",Black,,nh-d12l-chromax-black
Noctua NH-U9S,69.95,"400,2000","16.3,22.8",,,nh-u9s
Asus ROG RYUO III 360 ARGB,189.5,2200,36.45,Black,360.0,asus-rog-ryuo-iii-360-argb
Corsair NAUTILUS 240 RS ARGB,99.99,2100,34,White,240.0,nautilus-240-rs-argb
Thermalright Grand Vision ARGB,127.69,2150,29.4,Black,360.0,thermalright-grand-vision-argb
Thermalright Peerless Assassin 90 SE,23.29,2200,23.85,White / Silver,,thermalright-peerless-assassin-90-se
NZXT Kraken X53,229.99,"500,2000","21,36",Black,240.0,kraken-x53
ARCTIC Liquid Freezer III Pro A-RGB,78.48,"600,3000",,Black,240.0,liquid-freezer-iii-pro-a-rgb
Noctua NH-U12S,84.95,"300,1500","18.6,22.4",,,nh-u12s
Noctua NH-L9x65,69.95,"600,2500","14.8,23.6",,,nh-l9x65
NZXT Kraken Elite 240 (2024),169.99,"500,2000",30,Black,240.0,kraken-elite-240-2024
Thermalright Royal Pretor 130 BLACK,49.69,1750,28.3,Black,,thermalright-royal-pretor-130-black
be quiet! Light Loop,165.06,"1500,2900","17.2,36.8",Black,360.0,be-quiet-light-loop
Montech HyperFlow ARGB 360,99.9,2200,29.1,White,360.0,montech-hyperflow-argb-360
Asus Prime LC 360 ARGB,104.99,"600,2200",,Black,360.0,asus-prime-lc-360-argb
Thermalright Assassin X Refined SE RGB,18.89,1550,25.6,Black / Silver,,thermalright-assassin-x-refined-se-rgb
Cooler Master MasterLiquid 240 Atmos,98.04,"690,2500",27.2,Black,240.0,cooler-master-masterliquid-240-atmos
Noctua NH-L9a-AM4 chromax.black,69.98,"600,2500","14.8,23.6",Black,,nh-l9a-am4-chromax-black
Cooler Master MasterLiquid 120L Core,59.99,"650,1750",27.2,Black,120.0,cooler-master-masterliquid-120l-core
MSI MAG CORELIQUID 240R V2,109.99,"500,2000","14.3,34.3",Black,240.0,msi-mag-coreliquid-240r-v2
Vetroo V360,49.99,"800,1800",30.8,White / Gray,360.0,vetroo-v360
ID-COOLING FROSTFLOW X,49.49,"700,1800","18,35.2",,240.0,id-cooling-frostflow-x
Corsair iCUE LINK H150i RGB,239.99,"480,2400",,Black,360.0,icue-link-h150i-rgb
Thermalright AXP120-X67,28.59,1800,26.1,Black,,thermalright-axp120-x67
Thermaltake UX200 SE ARGB,29.99,"800,1800",25,Black,,thermaltake-ux200-se-argb
ARCTIC Freezer 34 eSports DUO,90.0,"200,2100",24.4,White / Black,,freezer-34-esports-duo
be quiet! Pure Rock LP,59.9,2500,,Black,,be-quiet-pure-rock-lp
ARCTIC Liquid Freezer III Pro,98.49,"400,2500",,Black,420.0,liquid-freezer-iii-pro
Thermalright Mjolnir Vision 360 ARGB,106.59,2150,27,Black,360.0,thermalright-mjolnir-vision-360-argb
Asus TUF Gaming LC II ARGB,199.0,"800,2000",29,Black,360.0,asus-tuf-gaming-lc-ii-argb
Cooler Master Hyper 212 Halo,33.0,"650,2050",27,White,,cooler-master-hyper-212-halo
Thermalright Frozen Infinity 240 ARGB,47.9,2000,28.2,Black,240.0,thermalright-frozen-infinity-240-argb
Thermalright Frozen Warframe PRO,74.9,2000,29.8,Black,360.0,thermalright-frozen-warframe-pro
NZXT Kraken X63,129.98,"500,2000","21,38",Black,280.0,kraken-x63
MSI MAG CORELIQUID E360,132.99,,,Black,360.0,msi-mag-coreliquid-e360
ARCTIC Liquid Freezer III 420 A-RGB,171.27,"200,1900",,White,420.0,liquid-freezer-iii-420-a-rgb
NZXT T120 RGB,34.99,"500,1800","17.2,27.5",White,,t120-rgb
MSI MPG CORELIQUID D360,925.87,,,Black,360.0,msi-mpg-coreliquid-d360
be quiet! Dark Rock Elite,109.9,"1500,2000","11,25.8",Black,,be-quiet-dark-rock-elite
Corsair iCUE H100i ELITE CAPELLIX XT,179.99,"550,2100","5,34.1",Black,240.0,icue-h100i-elite-capellix-xt
Noctua NH-D12L,99.95,"450,2000","18.8,22.6",Beige / Brown,,nh-d12l
Noctua NH-L12Sx77,79.95,"450,1850","16.8,23.9",Silver / Beige,,nh-l12sx77
Noctua NH-L9i-17xx,49.95,"600,2500","14.8,23.6",Brown / Beige,,nh-l9i-17xx
Thermalright Frozen Edge,54.9,2150,28.1,White,360.0,thermalright-frozen-edge
Thermaltake TH360 V2 ARGB Sync,129.99,"500,2000",25.8,Black,360.0,thermaltake-th360-v2-argb-sync
Cooler Master I30,12.99,2600,28,Black / Silver,,cooler-master-i30
Corsair iCUE LINK H115i RGB,119.99,"400,2000",,Black,280.0,icue-link-h115i-rgb
NZXT Kraken Elite 240 RGB (2024),199.99,"500,2400",30,Black,240.0,kraken-elite-240-rgb-2024
ARCTIC Liquid Freezer III 280 A-RGB,129.94,"200,1900",,White,280.0,liquid-freezer-iii-280-a-rgb
Thermalright AXP90-X47,21.9,2700,22.4,Gray,,thermalright-axp90-x47
be quiet! Pure Rock 2 FX,97.71,,"7.9,24.4",Black,,be-quiet-pure-rock-2-fx
Montech HyperFlow Silent 360,89.9,"800,2200",24.8,Black,360.0,montech-hyperflow-silent-360
Thermalright Core Vision ARGB,94.9,2000,27.7,White,360.0,thermalright-core-vision-argb
Scythe Fuma 3,54.99,"200,1500","4,28.6",Black / Silver,,scythe-fuma-3
Thermalright Peerless Assassin 120 Digital,42.59,1850,25.6,Black,,thermalright-peerless-assassin-120-digital
MSI MAG CORELIQUID A15,109.99,"500,2050",28.7,Black,360.0,msi-mag-coreliquid-a15
Corsair iCUE LINK H150i LCD,329.99,"480,2400",,White,360.0,icue-link-h150i-lcd
Corsair iCUE LINK TITAN 240 RX RGB,159.99,"300,2100",,Black,240.0,icue-link-titan-240-rx-rgb
Thermalright Frozen Warframe ULTRA ARGB,93.9,2000,22.1,White,360.0,thermalright-frozen-warframe-ultra-argb
Lian Li HydroShift LCD 360R RGB,199.9,"300,2400",30,Black,360.0,lian-li-hydroshift-lcd-360r-rgb
Noctua NH-D15S,119.95,"300,1500","19.2,24.6",,,nh-d15s
SAMA SM360 LCD,109.99,"800,1800",35.5,White,360.0,sama-sm360-lcd
Thermalright AXP120-X67,30.9,1800,26.1,White,,thermalright-axp120-x67
NZXT Kraken X73,289.99,"500,2000","21,36",Black,360.0,kraken-x73
ID-COOLING IS-67-XT,39.99,"500,2200",35.2,Black,,id-cooling-is-67-xt
ARCTIC Alpine 17 CO,12.99,"250,2700",,Black,,alpine-17-co
ID-COOLING FROZN A620 PRO SE ARGB,39.99,"300,2000",27.2,Black,,id-cooling-frozn-a620-pro-se-argb
Corsair iCUE LINK H100i RGB,119.99,"480,2400",,White,240.0,icue-link-h100i-rgb
Thermalright Core Vision ARGB,94.9,2000,27.7,Black,360.0,thermalright-core-vision-argb
Thermalright Peerless Assassin 120 White ARGB,45.39,1550,25.6,White,,thermalright-peerless-assassin-120-white-argb
Lian Li Galahad II Trinity,149.99,2450,35.4,White,360.0,lian-li-galahad-ii-trinity
Phanteks Glacier One 360M25 G2,99.99,"350,2000",35.13,White,360.0,phanteks-glacier-one-360m25-g2
NZXT Kraken Elite 240 RGB (2024),189.99,"500,2400",30,White,240.0,kraken-elite-240-rgb-2024
Asus ROG STRIX LC III ARGB LCD,299.99,"800,2200",36,Black,360.0,asus-rog-strix-lc-iii-argb-lcd
ARCTIC Freezer 7 X,25.99,"300,2000",22.5,Black / White,,freezer-7-x
Gigabyte AORUS WATERFORCE X II 360,219.99,"800,2400","12,37.5",Black,360.0,gigabyte-aorus-waterforce-x-ii-360
Scythe Mugen 6 Dual Fan,56.99,"300,2000","3,26.88",Black,,scythe-mugen-6-dual-fan
MSI MAG CORELIQUID I360,149.95,,,Black,360.0,msi-mag-coreliquid-i360
NZXT Kraken Z63,253.45,"500,1800","21,38",Black,280.0,kraken-z63
ID-COOLING FX360 INF,79.98,2900,25,Pink,360.0,id-cooling-fx360-inf
be quiet! Pure Loop 2 FX,118.49,,"8,32.3",Black,240.0,be-quiet-pure-loop-2-fx
ID-COOLING IS-47-XT,29.99,"800,2800",32.5,Black,,id-cooling-is-47-xt
ENDORFY Fera 5,27.5,"250,1800",,Black / Silver,,endorfy-fera-5
Thermalright Core Vision ARGB,79.39,2000,27.7,Black,360.0,thermalright-core-vision-argb
be quiet! Light Loop,179.28,"1500,2900","17.2,36.8",White,360.0,be-quiet-light-loop
Noctua NH-U14S,89.95,"300,1500","19.2,24.6",,,nh-u14s
Cooler Master MasterLiquid 240L Core ARGB,84.99,"350,1750",27.2,White,240.0,cooler-master-masterliquid-240l-core-argb
Noctua NH-P1,119.95,,0,Silver,,nh-p1
Thermaltake UX200 SE ARGB,31.99,"800,1800",25,White,,thermaltake-ux200-se-argb
Thermalright RK120 SE,30.29,1500,25.6,Black / Silver,,thermalright-rk120-se
MSI MAG CORELIQUID 360R V2,139.99,"500,2000","14.3,34.3",Black,360.0,msi-mag-coreliquid-360r-v2
Cooler Master MasterLiquid 360 Atmos,119.99,"690,2500",27.2,Black,360.0,cooler-master-masterliquid-360-atmos
Lian Li Galahad II Lite Performance,104.99,"200,2500",29.8,Black,360.0,lian-li-galahad-ii-lite-performance
Vetroo V240,49.88,"800,1800",30.8,White / Gray,240.0,vetroo-v240
Noctua NH-D9L chromax.black,84.95,"400,2000","16.3,22.8",Black,,nh-d9l-chromax-black
NZXT Kraken Z73,220.0,"500,1800","21,36",Black,360.0,kraken-z73
Thermalright Peerless Assassin 120 SE V2,36.9,1850,29.5,Black / Silver,,thermalright-peerless-assassin-120-se-v2
ID-COOLING FX360 INF,72.09,"300,2000",27.2,White,360.0,id-cooling-fx360-inf
NZXT Kraken Plus,179.99,"500,2000",30,Black,360.0,kraken-plus
ARCTIC Liquid Freezer II 280 A-RGB,99.99,"200,1900",22.5,Black,280.0,liquid-freezer-ii-280-a-rgb
Thermalright Peerless Assassin,37.9,1550,25.6,Gray,,thermalright-peerless-assassin
ARCTIC Alpine 17,11.99,"100,2000",,Black / White,,alpine-17
ARCTIC Freezer 36 CO,39.35,"200,1800",,Black / Silver,,freezer-36-co
Thermalright Assassin X Refined SE RGB,19.29,1550,25.6,White / Silver,,thermalright-assassin-x-refined-se-rgb
Cooler Master Hyper 212 EVO V2,69.98,"650,1800","8,27",Black / Silver,,cooler-master-hyper-212-evo-v2
Cooler Master Hyper 620S,53.99,"350,1750",27.2,Black / Silver,,cooler-master-hyper-620s
Thermalright Burst Assassin 120 EVO DARK,29.39,1500,25.6,Black,,thermalright-burst-assassin-120-evo-dark
Thermalright Frozen Prism ARGB,47.9,1850,27,Black,240.0,thermalright-frozen-prism-argb
NZXT Kraken Elite 360,384.13,"500,1800","17.9,30.6",Black,360.0,kraken-elite-360
ENDORFY Spartan 5,16.5,"250,1500",,Black / Silver,,endorfy-spartan-5
be quiet! Pure Rock Pro 3 LX,59.9,2000,"14,34.8",Black,,be-quiet-pure-rock-pro-3-lx
ARCTIC Liquid Freezer II 420 A-RGB,119.0,"200,1900",22.5,Black,420.0,liquid-freezer-ii-420-a-rgb
Asus ROG STRIX LC II ARGB,154.99,"800,2500",37.6,White / Black,360.0,asus-rog-strix-lc-ii-argb
Asus ROG RYUJIN II ARGB,499.1,,,Black,360.0,asus-rog-ryujin-ii-argb
NZXT T120,34.99,"500,1800","17.9,30.6",Black,,t120
ID-COOLING FROZN A410 DK,31.49,"500,2000",29.85,Black,,id-cooling-frozn-a410-dk
be quiet! Dark Rock Slim,69.51,1500,"11,23.6",Black,,be-quiet-dark-rock-slim
ARCTIC Alpine 23 CO,17.98,"100,2000",,Black,,alpine-23-co
NZXT Kraken Elite 280,228.99,"500,1500","19.4,32.1",Black,280.0,kraken-elite-280
NZXT Kraken Elite 240 RGB,346.54,"500,1800","17.9,30.6",White,240.0,kraken-elite-240-rgb
Thermaltake TH240 V2 ARGB Sync,79.98,"500,2000",25.8,Black,240.0,thermaltake-th240-v2-argb-sync
Thermalright Frozen Warframe ARGB,68.59,2000,22.1,Black,240.0,thermalright-frozen-warframe-argb
Thermalright Assassin King SE ARGB,18.59,1550,25.6,Silver / Gray,,thermalright-assassin-king-se-argb
be quiet! Silent Loop 3,125.45,2500,"18.7,36.9",Black,240.0,be-quiet-silent-loop-3
Montech HyperFlow Silent 360,89.9,"800,2200",24.8,White,360.0,montech-hyperflow-silent-360
Corsair iCUE LINK H100i LCD,189.99,"480,2400",,Black,240.0,icue-link-h100i-lcd
Thermalright Peerless Assassin 90 SE,23.9,2200,23.85,Black / Silver,,thermalright-peerless-assassin-90-se
NZXT Kraken 280 RGB,199.99,"500,1500",34.48,White,280.0,kraken-280-rgb
Thermalright Silver Soul 110,29.9,2500,23,Black,,thermalright-silver-soul-110
MSI MAG CORELIQUID I360,149.94,,,White,360.0,msi-mag-coreliquid-i360
Thermaltake Contact 9 SE,19.98,"800,2000",24.5,Black / Silver,,thermaltake-contact-9-se
Asus Prime LC 240 ARGB,84.99,"600,2200",,Black,240.0,asus-prime-lc-240-argb
Jonsbo CR-1400 EVO Color White,28.5,"800,2200","22.3,33.8",White,,jonsbo-cr-1400-evo-color-white
Asus ROG RYUO III 360 ARGB WHITE EDITION,194.99,2200,36.45,White,360.0,asus-rog-ryuo-iii-360-argb-white-edition
Fractal Design Lumen S24 RGB V2,109.99,"500,2000","10,33.2",Black,240.0,fractal-design-lumen-s24-rgb-v2
Cooler Master MasterLiquid 240 Core II,68.34,"600,1750",30,Black,240.0,cooler-master-masterliquid-240-core-ii
Thermalright Frozen Infinity 240 ARGB,46.9,2000,28.2,White,240.0,thermalright-frozen-infinity-240-argb
MSI MAG CORELIQUID A13,74.99,,,White,240.0,msi-mag-coreliquid-a13
Evercool HPH-9525CU,12.0,1800,20,,,evercool-hph-9525cu
Thermaltake TH360 V2 ARGB Sync,120.99,"500,2000",25.8,White,360.0,thermaltake-th360-v2-argb-sync
ID-COOLING SE-224-XTS BLACK,26.99,"600,1500",28.9,Black,,id-cooling-se-224-xts-black
Razer Hanbo Chroma,79.98,,,Black,360.0,razer-hanbo-chroma
HYTE THICC Q60,249.0,,"10,47.3",White / Black,240.0,hyte-thicc-q60
Vetroo V5,29.99,"800,1700",30.8,Pink,,vetroo-v5
MSI MAG CORELIQUID M360,146.61,"500,2000","14.3,34.3",Black,360.0,msi-mag-coreliquid-m360
Thermalright Grand Vision ARGB,131.9,2150,29.4,White,360.0,thermalright-grand-vision-argb
Lian Li Galahad II Trinity,189.0,2450,35.4,Black,240.0,lian-li-galahad-ii-trinity
ARCTIC Alpine AM4,10.08,"100,2000",,Black / White,,alpine-am4
Thermalright Frozen Warframe ULTRA ARGB,93.9,2000,22.1,Black,360.0,thermalright-frozen-warframe-ultra-argb
NZXT T120,34.99,"500,1800","17.9,30.6",White,,t120
ID-COOLING FX240 INF,63.99,2900,25,Pink,240.0,id-cooling-fx240-inf
Scythe SHURIKEN 3,39.99,"300,2500","1.8,31.78",Black,,scythe-shuriken-3
Lian Li Galahad II Trinity Performance,274.66,"2300,3000","32.1,39.9",White,360.0,lian-li-galahad-ii-trinity-performance
Phanteks Glacier One D30 X2,179.0,"250,2000",35.13,Black,360.0,phanteks-glacier-one-d30-x2
Vetroo V360,57.95,"800,1800",30.8,Black,360.0,vetroo-v360
Corsair iCUE H150i RGB PRO XT,135.98,2400,37,Black / White,360.0,icue-h150i-rgb-pro-xt
ARCTIC Freezer 8A,48.36,"200,2300",,Black / Silver,,freezer-8a
Gigabyte AORUS WATERFORCE II 360,196.24,"800,2300","12.8,36.9",Black,360.0,gigabyte-aorus-waterforce-ii-360
be quiet! Pure Rock Pro 3,49.9,2000,"14,34.8",Silver / Black,,be-quiet-pure-rock-pro-3
Cooler Master MasterLiquid 360 Core II,99.99,"600,1750",30,Black,360.0,cooler-master-masterliquid-360-core-ii
Cooler Master MasterLiquid 240 ATMOS Stealth,109.99,"1,2400",30,Black,240.0,cooler-master-masterliquid-240-atmos-stealth
ENDORFY Fera 5 Dual Fan,32.5,"250,1800",,Black / Silver,,endorfy-fera-5-dual-fan
iBuypower AW4,79.99,"700,2000",38,Black,240.0,ibuypower-aw4
SAMA SM360 LCD,121.99,"800,1800",35.5,Black,360.0,sama-sm360-lcd
ID-COOLING FROZN A400 BLACK,24.99,"500,2200",25.8,Black,,id-cooling-frozn-a400-black
Vetroo V5,24.99,"800,1700",30.8,White,,vetroo-v5
NZXT Kraken 280 RGB,149.99,"500,1500",34.48,Black,280.0,kraken-280-rgb
MSI MAG CORELIQUID M240,133.95,"500,2000","14.3,34.3",Black,240.0,msi-mag-coreliquid-m240
Thermalright Assassin Spirit 120 Vision ARGB,30.9,1500,25.6,Black,,thermalright-assassin-spirit-120-vision-argb
Cooler Master Hyper 612 APEX,64.97,,30,Black,,cooler-master-hyper-612-apex
ENDORFY Navis F360 ARGB,150.54,"250,1800",,Black,360.0,endorfy-navis-f360-argb
Razer Hanbo Chroma,59.99,,,Black,240.0,razer-hanbo-chroma
Asus ProArt LC 360,244.99,,"0,39.5",Black,360.0,asus-proart-lc-360
Cooler Master I70C,17.91,"650,1800",28,Black / Silver,,cooler-master-i70c
Fractal Design Lumen S28 RGB V2,119.99,"500,1700","10,35.5",Black,280.0,fractal-design-lumen-s28-rgb-v2
Lian Li Galahad II Trinity,159.99,2450,35.4,Black,360.0,lian-li-galahad-ii-trinity
NZXT Kraken Plus RGB,219.99,"500,2400",31.9,Black,360.0,kraken-plus-rgb
be quiet! Pure Rock 3 LX,39.9,2000,"14,34.8",Black,,be-quiet-pure-rock-3-lx
MSI MAG CORELIQUID E360 WHITE,119.99,,,White,360.0,msi-mag-coreliquid-e360-white
Scythe Mugen 6,46.99,"300,2000","3,26.88",Black,,scythe-mugen-6
Asus ROG STRIX LC 360 RGB White Edition,411.0,"800,2500",37.6,White,360.0,asus-rog-strix-lc-360-rgb-white-edition
be quiet! Pure Loop 2,129.9,,"17.2,36.8",Black,360.0,be-quiet-pure-loop-2
Corsair iCUE LINK TITAN 240 RX LCD,199.99,"300,2100","10,36",Black,240.0,icue-link-titan-240-rx-lcd
GAMDIAS AURA GL360,59.99,"800,2000","11,29",Black,360.0,gamdias-aura-gl360
Asus TUF Gaming LC II ARGB,119.99,"800,2000",29,Black,240.0,asus-tuf-gaming-lc-ii-argb
Cooler Master MasterLiquid 240L Core,237.0,"650,1750",27.2,Black,240.0,cooler-master-masterliquid-240l-core
NZXT Kraken Elite 280 RGB,394.75,"500,1500",34.48,White,280.0,kraken-elite-280-rgb
Asus ROG STRIX LC II ARGB,79.99,"800,2500",37.6,White / Black,240.0,asus-rog-strix-lc-ii-argb
Gelid Solutions Liquid 360,93.99,"750,1800",29.6,Black,360.0,gelid-solutions-liquid-360
Noctua NH-L9x65 SE-AM4,59.95,"600,2500","14.8,23.6",,,nh-l9x65-se-am4
Lian Li Galahad II Lite Performance,84.99,"200,2500",29.8,Black,240.0,lian-li-galahad-ii-lite-performance
Cooler Master MasterLiquid ML360R RGB,74.98,"650,2000","6,34",Black,360.0,cooler-master-masterliquid-ml360r-rgb
ID-COOLING FX240 PRO,49.99,"500,1800",35.2,White,240.0,id-cooling-fx240-pro
Corsair iCUE LINK TITAN 280 RX RGB,179.99,"300,1700",,Black,280.0,icue-link-titan-280-rx-rgb
Corsair H115i RGB PLATINUM,376.56,2000,37,Black / Silver,280.0,h115i-rgb-platinum
APNX AP1-V,29.99,"600,1800","16.1,32.8",Black,,apnx-ap1-v
Thermalright Hyper Vision UB ARGB,120.9,2150,27,Black,360.0,thermalright-hyper-vision-ub-argb
NZXT Kraken Elite 240,354.29,"500,1800","17.9,30.6",Black,240.0,kraken-elite-240
ENDORFY Spartan 5 ARGB,18.0,"250,1500",,Black / Silver,,endorfy-spartan-5-argb
be quiet! Pure Loop 2,99.9,,"15.4,34.9",Black,240.0,be-quiet-pure-loop-2
Xilence A250PWM,17.89,"1000,2800","17.8,32",Red / Black,,xilence-a250pwm
Jonsbo CR-1000 EVO ARGB Black,29.5,"600,1500","22,32",Black,,jonsbo-cr-1000-evo-argb-black
Noctua NH-L12 Ghost S1,74.95,"300,1600","13.1,17.6",Silver / Beige,,nh-l12-ghost-s1
ENDORFY Spartan 5 MAX ARGB,24.0,"250,1500",,Black / Silver,,endorfy-spartan-5-max-argb
ID-COOLING IS-55 ARGB,34.99,"500,2000",31.2,Black,,id-cooling-is-55-argb
Thermaltake TH360 V2 Ultra ARGB Sync,149.99,"500,1800",25.8,Black,360.0,thermaltake-th360-v2-ultra-argb-sync
Geometric Future Eskimo Pro 42,109.9,2400,34.2,Black,420.0,geometric-future-eskimo-pro-42
Gigabyte AORUS WATERFORCE II 240,152.97,"800,2300","12.8,36.9",Black,240.0,gigabyte-aorus-waterforce-ii-240
Thermalright Hyper Vision UB ARGB,120.9,2150,27,White,360.0,thermalright-hyper-vision-ub-argb
Thermalright Frozen Edge,47.39,2150,28.1,White,240.0,thermalright-frozen-edge
NZXT Kraken Plus,129.99,"500,2000",30,Black,240.0,kraken-plus
EK EK-Nucleus AIO CR240 Lux D-RGB,127.99,"550,2300",36,Black,240.0,ek-ek-nucleus-aio-cr240-lux-d-rgb
ID-COOLING FROZN A620 ARGB WHITE,59.99,"500,2000",29.9,White,,id-cooling-frozn-a620-argb-white
MSI MAG CORELIQUID E240,104.99,,,Black,240.0,msi-mag-coreliquid-e240
Fractal Design Lumen S36 RGB V2,129.99,"500,2000","10,33.2",Black,360.0,fractal-design-lumen-s36-rgb-v2
Asus ROG RYUO III 240 ARGB,149.99,2200,36.45,Black,240.0,asus-rog-ryuo-iii-240-argb
Thermalright Silver Soul 110,28.9,2500,23,White,,thermalright-silver-soul-110
Thermalright Royal Pretor 130,45.79,1750,28.3,Black / Silver,,thermalright-royal-pretor-130
Deepcool THETA 20 PWM,16.48,"900,2400","17.8,32.5",Black / Silver,,theta-20-pwm
NZXT Kraken M22,89.99,"500,2000","21,36",Black,120.0,kraken-m22
Thermalright SI-100,26.9,2000,27.7,Black,,thermalright-si-100
be quiet! Pure Loop 2,109.9,,"15.4,33.8",Black,280.0,be-quiet-pure-loop-2
ARCTIC Liquid Freezer III Pro,79.48,"400,2500",,Black,280.0,liquid-freezer-iii-pro
ID-COOLING FX240 INF,62.99,"300,2000",27.2,Black,240.0,id-cooling-fx240-inf
Thermalright Burst Assassin ARGB,22.9,1550,25.6,Black / Silver,,thermalright-burst-assassin-argb
Asus ROG Ryujin III,189.99,"450,2000",29.7,Black,240.0,asus-rog-ryujin-iii
APNX AP1-V,29.99,"600,1800","16.1,32.8",White,,apnx-ap1-v
NZXT Kraken X73 RGB,669.55,"500,1500","22,33",White / Black,360.0,kraken-x73-rgb
Lian Li Galahad II LCD,224.99,"300,2450",30,Black,360.0,lian-li-galahad-ii-lcd
Gigabyte AORUS WATERFORCE X,239.99,"800,2500","7.9,37.6",Black,360.0,gigabyte-aorus-waterforce-x
Thermalright Assassin King SE,18.98,1550,25.6,Silver / Gray,,thermalright-assassin-king-se
Montech HyperFlow Silent 240,74.92,"800,2200",24.8,Black,240.0,montech-hyperflow-silent-240
Gigabyte AORUS WATERFORCE X II 360 ICE,219.99,"800,2400","12,37.5",White,360.0,gigabyte-aorus-waterforce-x-ii-360-ice
Thermalright Frozen Prism ARGB,47.9,1850,27,White,240.0,thermalright-frozen-prism-argb
HYTE THICC Q80 Trio,349.99,"1,3000","10,47.3",Black,360.0,hyte-thicc-q80-trio
Cooler Master Hyper 622 Halo,64.98,"650,2050",27,White,,cooler-master-hyper-622-halo
Lian Li Galahad II Trinity SL-INF,159.99,2100,29,White,240.0,lian-li-galahad-ii-trinity-sl-inf
NZXT Kraken Z53,187.98,"500,2000","21,36",Black,240.0,kraken-z53
ARCTIC Freezer 7 X CO,22.97,"300,2000",,Black / Silver,,freezer-7-x-co
be quiet! Shadow Rock LP,44.73,1500,"14.8,25.5",,,be-quiet-shadow-rock-lp
Corsair iCUE LINK TITAN 240 RX LCD,199.99,"300,2100","10,36",White,240.0,icue-link-titan-240-rx-lcd
Cooler Master Hyper 212 Black X Duo,108.2,"690,2500",32.8,Black,,cooler-master-hyper-212-black-x-duo
Lian Li Galahad II LCD,259.99,"300,2450",30,White,360.0,lian-li-galahad-ii-lcd
Thermalright Frost Commander 140 BLACK,56.9,1800,30.2,Black,,thermalright-frost-commander-140-black
Cooler Master MasterLiquid 360 Core II,84.99,"600,1750",30,White,360.0,cooler-master-masterliquid-360-core-ii
Thermaltake TH280 V2 ARGB Sync,109.99,"500,1800",34.7,White,280.0,thermaltake-th280-v2-argb-sync
ID-COOLING FROZN A410 ARGB,34.99,"500,2000",29.9,Black,,id-cooling-frozn-a410-argb
Thermalright Frozen Prism,47.9,1850,27,Black,240.0,thermalright-frozen-prism
Inter-Tech ALSEYE W90,38.99,3000,36.7,White / Black,,inter-tech-alseye-w90
Noctua NH-U14S TR4-SP3,109.95,"300,1500","19.2,24.6",,,nh-u14s-tr4-sp3
Asus ROG Ryujin III ARGB,189.99,"600,2200",36.45,Black,240.0,asus-rog-ryujin-iii-argb
Noctua NH-D15 G2 HBC,179.95,1500,24.8,Brown / Silver,,nh-d15-g2-hbc
Cooler Master Hyper 212 Halo SF6 Ryu,33.0,"650,2050",27,White / Orange,,cooler-master-hyper-212-halo-sf6-ryu
Corsair iCUE LINK H150i RGB,249.99,"480,2400",,White,360.0,icue-link-h150i-rgb
Cooler Master MasterLiquid ML360 Illusion,203.75,"650,1800","6,30",Black / Silver,360.0,cooler-master-masterliquid-ml360-illusion
Cooler Master Hyper 212 RGB Black Edition,59.99,"650,2000","8,30",,,cooler-master-hyper-212-rgb-black-edition
Asus ROG Ryujin III,329.99,"600,2200",36.45,White,360.0,asus-rog-ryujin-iii
NZXT Kraken Elite 280 RGB,324.06,"500,1500",34.48,Black,280.0,kraken-elite-280-rgb
HYTE THICC Q80 Trio,349.99,"1,3000","10,47.3",White,360.0,hyte-thicc-q80-trio
Thermalright Frozen Warframe PRO ARGB,109.9,2000,29.8,White / Blue,360.0,thermalright-frozen-warframe-pro-argb
MSI MAG CORELIQUID E240 WHITE,99.99,,,White,240.0,msi-mag-coreliquid-e240-white
Thermalright SI-100 WHITE ARGB,30.9,2000,27.7,White,,thermalright-si-100-white-argb
Corsair iCUE LINK TITAN 240 RX RGB,159.99,"300,2100",,White,240.0,icue-link-titan-240-rx-rgb
Thermaltake TH120 V2 ARGB Sync,69.98,"500,2000",25.8,Black,120.0,thermaltake-th120-v2-argb-sync
Thermaltake TH360 V2 Ultra ARGB Sync,149.99,"500,1800",25.8,White,360.0,thermaltake-th360-v2-ultra-argb-sync
Gigabyte GAMING 360,99.99,"500,2200","13.8,35.8",Black,360.0,gigabyte-gaming-360
Lian Li Galahad II Trinity SL-INF,176.99,2100,29,Black,240.0,lian-li-galahad-ii-trinity-sl-inf
Jonsbo CR-1400 EVO Color Black,28.5,"800,2200","22.3,33.8",Black,,jonsbo-cr-1400-evo-color-black
NZXT Kraken Elite 280 RGB (2024),199.99,"500,2000",34.5,Black,280.0,kraken-elite-280-rgb-2024
Asus ROG STRIX LC III ARGB LCD,314.99,"800,2200",36,White,360.0,asus-rog-strix-lc-iii-argb-lcd
Noctua NH-C14S,133.69,"300,1500","19.2,24.6",,,nh-c14s
ENDORFY Spartan 5 MAX,20.0,"250,1500",,Black / Silver,,endorfy-spartan-5-max
Asus ROG STRIX LC II ARGB,149.99,"800,2500",37.6,Black,360.0,asus-rog-strix-lc-ii-argb
Montech HyperFlow ARGB 240,97.26,2200,29.1,Black,240.0,montech-hyperflow-argb-240
ENDORFY Navis F240,101.03,"250,1800",,Black,240.0,endorfy-navis-f240
be quiet! Pure Loop 2 FX,134.99,,"10.8,32.8",Black,280.0,be-quiet-pure-loop-2-fx
ID-COOLING FROZN A620 GDL,49.99,"500,2000",29.9,Black / Gold,,id-cooling-frozn-a620-gdl
Corsair iCUE LINK TITAN 420 RX RGB,219.99,"300,1700",,Black,420.0,icue-link-titan-420-rx-rgb
Lian Li Galahad II LCD,209.99,"300,1550",26.7,White,280.0,lian-li-galahad-ii-lcd
Alpenf√∂hn BLACK RIDGE,69.61,"800,2800","14,37.6",Black,,alpenf-hn-black-ridge
Cooler Master MasterLiquid ML240L V2 RGB,129.99,"650,1800","8,27",White / Black,240.0,cooler-master-masterliquid-ml240l-v2-rgb
ID-COOLING FX240 INF,62.99,"300,2000",27.2,White,240.0,id-cooling-fx240-inf
Cooler Master Wraith Ripper,270.0,,"0,38",Black,,cooler-master-wraith-ripper
Ocypus Iota A62,56.99,"500,2000",29,Black,,ocypus-iota-a62
Phanteks GLACIER ONE 420D30,169.99,"250,1800",29.5,White,420.0,phanteks-glacier-one-420d30
Cooler Master MasterLiquid 240 Core II,66.92,"600,1750",30,White,240.0,cooler-master-masterliquid-240-core-ii
EK EK-Nucleus AIO CR240 Lux D-RGB,123.48,"550,2300",36,White,240.0,ek-ek-nucleus-aio-cr240-lux-d-rgb
NZXT Kraken Elite 240 RGB,373.45,"500,1800","17.9,30.6",Black,240.0,kraken-elite-240-rgb
iBuypower AW4,99.99,"700,2000",38,Black,360.0,ibuypower-aw4
Thermalright Burst Assassin 120 Vision,52.9,1500,25.6,Black,,thermalright-burst-assassin-120-vision
Thermalright Burst Assassin,21.59,1550,25.6,Gray / Black,,thermalright-burst-assassin
NZXT Kraken Plus RGB,179.99,"500,2400",31.9,White,240.0,kraken-plus-rgb
ID-COOLING SE-224-XTS,24.99,"600,1500",28.9,White,,id-cooling-se-224-xts
ID-COOLING FROZN A410 ARGB WHITE,39.99,"500,2000",29.9,White,,id-cooling-frozn-a410-argb-white
Thermalright Burst Assassin 120 Vision,54.9,1500,25.6,White,,thermalright-burst-assassin-120-vision
Noctua NH-U9 TR4-SP3,99.95,"400,2000","16.3,22.8",,,nh-u9-tr4-sp3
NZXT Kraken Elite 280 RGB (2024),199.99,"500,2000",34.5,White,280.0,kraken-elite-280-rgb-2024
Asus ROG STRIX LC III ARGB,248.75,"800,2200",36,Black,360.0,asus-rog-strix-lc-iii-argb
ID-COOLING SL360,129.99,"500,2000",29.9,White,360.0,id-cooling-sl360
Thermaltake TH280 V2 ARGB Sync,109.99,"500,1800",25.8,Green,280.0,thermaltake-th280-v2-argb-sync
EK EK-Nucleus AIO CR360 Lux D-RGB,150.0,"550,2300",36,White,360.0,ek-ek-nucleus-aio-cr360-lux-d-rgb
Cooler Master MasterLiquid ML240 Illusion,69.99,"650,1800","6,30",Black,240.0,cooler-master-masterliquid-ml240-illusion
NZXT Kraken Z63 RGB,274.99,"500,1500","22,33",Black,280.0,kraken-z63-rgb
ENDORFY Fortis 5,39.9,"250,1400",,Black / Silver,,endorfy-fortis-5
ID-COOLING SL360,129.99,"500,2000",29.9,Black,360.0,id-cooling-sl360
Asus ROG STRIX LC II 280 ARGB,119.99,"700,2100",35.7,Black,280.0,asus-rog-strix-lc-ii-280-argb
Noctua NH-U12S SE-AM4,74.95,"300,1500","18.6,22.4",,,nh-u12s-se-am4
Cooler Master MasterLiquid ML360L ARGB V2,160.9,"650,1800","8,27",White,360.0,cooler-master-masterliquid-ml360l-argb-v2
Lian Li Galahad II LCD,209.99,"300,1550",26.7,Black,280.0,lian-li-galahad-ii-lcd
Thermaltake Gravity i3,19.98,"1200,3500",36.5,Silver / Black,,thermaltake-gravity-i3
Ocypus Iota A40,34.99,"500,2000",29,Black,,ocypus-iota-a40
NZXT Kraken X63 RGB,249.99,"500,1500","22,33",Black,280.0,kraken-x63-rgb
Asus ROG STRIX LC II,109.99,"800,2500",37.6,Black,240.0,asus-rog-strix-lc-ii
ID-COOLING FROZN A410 SE ARGB,26.99,"300,2000",27.2,Black / Silver,,id-cooling-frozn-a410-se-argb
Ocypus Iota L36,99.99,"500,2000",29,White,360.0,ocypus-iota-l36
Xilence I200,13.06,2200,25,Black / Silver,,xilence-i200
Thermalright Hyper Vision ARGB,169.99,2150,27,White,360.0,thermalright-hyper-vision-argb
Thermalright Assassin King 90,25.9,2500,27.3,Black / Silver,,thermalright-assassin-king-90
Thermaltake TH420 V2 Ultra ARGB Sync,209.99,"500,2000",34.7,Black,420.0,thermaltake-th420-v2-ultra-argb-sync
Thermaltake TH280 V2 ARGB Sync,109.99,"500,1800",34.7,Black,280.0,thermaltake-th280-v2-argb-sync
Corsair iCUE H100i RGB ELITE,109.99,"400,1850","5,28.9",White,240.0,icue-h100i-rgb-elite
Syba CL-CNL-EOLE802,12.7,2200,25,,,syba-cl-cnl-eole802
Thermalright Frozen Warframe 240 SE ARGB,55.59,2000,29.8,Black,240.0,thermalright-frozen-warframe-240-se-argb
Cooler Master Hyper 212 Black Edition,79.98,"800,2000","6.5,26",,,cooler-master-hyper-212-black-edition
be quiet! Dark Rock TF 2,154.95,1400,,Black,,be-quiet-dark-rock-tf-2
Thermalright Hyper Vision ARGB,169.99,2150,27,Black,360.0,thermalright-hyper-vision-argb
Thermalright Assassin Spirit 120 Vision ARGB,29.59,1500,25.6,White,,thermalright-assassin-spirit-120-vision-argb
Antec Symphony ARGB,175.14,"800,1600","20,35",White,360.0,antec-symphony-argb
Thermaltake ASTRIA 200 ARGB,36.49,"500,1800",26.8,Black,,thermaltake-astria-200-argb
Lian Li Galahad II Lite RGB,84.9,"300,2500",34.8,Black,240.0,lian-li-galahad-ii-lite-rgb
Thermaltake TH360 V2 Ultra ARGB Sync,189.95,"500,1800",25.8,Blue / White,360.0,thermaltake-th360-v2-ultra-argb-sync
TRYX PANORAMA ARGB (2024),309.99,"500,1850",27.86,White,240.0,tryx-panorama-argb-2024
PC Cooler RZ400 V2,25.99,"500,2200",32,Black,,pc-cooler-rz400-v2
Fractal Design Lumen S36 V2,274.19,"500,2000","10,33.2",Black,360.0,fractal-design-lumen-s36-v2
Cooler Master MasterLiquid PL360 FLUX,129.99,,32,Black,360.0,cooler-master-masterliquid-pl360-flux
Cooler Master MasterLiquid ML360L ARGB V2,159.9,"650,1800","8,27",Black,360.0,cooler-master-masterliquid-ml360l-argb-v2
Scythe Kotetsu Mark 3,29.99,"300,1500","4,28.6",Black / Silver,,scythe-kotetsu-mark-3
Thermaltake TH420 V2 Ultra ARGB Sync,209.95,"500,2000",34.7,White,420.0,thermaltake-th420-v2-ultra-argb-sync
Enermax LIQMAXFLO SR 360,130.58,"500,1800",23.46,Black,360.0,enermax-liqmaxflo-sr-360
Gigabyte AORUS WATERFORCE 240,162.51,"950,2150","16.9,31",Black,240.0,gigabyte-aorus-waterforce-240
MSI MAG CORELIQUID A15,99.95,"500,2050",28.7,Black,240.0,msi-mag-coreliquid-a15
Alphacool Eisbaer Pro Aurora,214.95,,31.5,Black,420.0,alphacool-eisbaer-pro-aurora
Thermaltake TH240 V2 ARGB Sync,93.99,"500,2000",25.8,White,240.0,thermaltake-th240-v2-argb-sync
Thermaltake TOUGHLIQUID Ultra,189.99,"500,2500",28.1,Black,360.0,thermaltake-toughliquid-ultra
Ocypus Delta A40 ARGB,21.99,"500,2000",29,Black,,ocypus-delta-a40-argb
Cooler Master Hyper H410R RGB,139.0,"600,2000","6,29",,,cooler-master-hyper-h410r-rgb
Valkyrie Vind 125 SL,54.99,"800,2150",29,Black,,valkyrie-vind-125-sl
NZXT Kraken Plus RGB,179.99,"500,2400",31.9,Black,240.0,kraken-plus-rgb
Asus ROG Ryujin III,204.99,"600,2200",36.45,White,240.0,asus-rog-ryujin-iii
Lian Li GALAHAD AIO 240 RGB UNI FAN SL120 EDITION,287.36,"800,1900",32,Black / Silver,240.0,lian-li-galahad-aio-240-rgb-uni-fan-sl120-edition
Phanteks Glacier One D30 X2,169.99,"250,2000",35.13,White,360.0,phanteks-glacier-one-d30-x2
Noctua NH-U9DXi4,64.95,"300,1600","13.1,17.6",,,nh-u9dxi4
Asus ROG STRIX LC III ARGB,259.99,"800,2200",36,White,360.0,asus-rog-strix-lc-iii-argb
ID-COOLING SE-225-XT,34.99,"700,1800","15.2,35.2",Black,,id-cooling-se-225-xt
TRYX PANORAMA ARGB (2024),309.99,"500,1850",27.86,Black,240.0,tryx-panorama-argb-2024
NZXT Kraken Z63 RGB,488.71,"500,1500","22,33",White / Black,280.0,kraken-z63-rgb
ARCTIC Liquid Freezer III Pro A-RGB,107.99,"400,2500",,Black,420.0,liquid-freezer-iii-pro-a-rgb
ENDORFY Fera 5 ARGB,34.5,"250,1800",,Black / Silver,,endorfy-fera-5-argb
ARCTIC Freezer 8A CO,47.59,"200,2300",,Black / Silver,,freezer-8a-co
BitFenix Cube ARGB,59.9,2000,34,Black,240.0,bitfenix-cube-argb
NZXT Kraken X53 RGB,135.98,"500,1500","22,33",Black,240.0,kraken-x53-rgb
ID-COOLING BLITZ X4,19.98,"500,1500",26.6,Black / Silver,,id-cooling-blitz-x4
Phanteks Glacier One 360 T30 Gen2,388.42,"1200,3000","11.1,39.7",Black / Gray,360.0,phanteks-glacier-one-360-t30-gen2
be quiet! Light Loop,139.9,"1500,2900","15.4,34.9",Black,240.0,be-quiet-light-loop
ID-COOLING IS-40-XT,24.99,"800,2800","14,35.2",Black,,id-cooling-is-40-xt
Montech HyperFlow Silent 240,74.17,"800,2200",24.8,White,240.0,montech-hyperflow-silent-240
Asus ROG RYUO III 240 ARGB WHITE EDITION,139.99,2200,36.45,White,240.0,asus-rog-ryuo-iii-240-argb-white-edition
ENDORFY Fortis 5 Dual Fan,46.5,"250,1400",,Black / Silver,,endorfy-fortis-5-dual-fan
Thermaltake MAGFloe 360 Ultra ARGB Sync,239.99,"500,2000",30.6,Black,360.0,thermaltake-magfloe-360-ultra-argb-sync
Lian Li ALC 360,172.0,"300,2450",30,,360.0,lian-li-alc-360
MSI MAG CORELIQUID I240,94.99,,,Black,240.0,msi-mag-coreliquid-i240
GAMDIAS CHIONE M4-240,69.23,"800,2000","11,29",Black,240.0,gamdias-chione-m4-240
Cooler Master MasterLiquid 360 Ion,249.99,,30,Black,360.0,cooler-master-masterliquid-360-ion
Thermaltake TH240 V2 Ultra ARGB Sync,149.99,"500,1800",25.8,White,240.0,thermaltake-th240-v2-ultra-argb-sync
Cooler Master Elite,74.99,"600,2100",39.5,Black,360.0,cooler-master-elite
Thermaltake ASTRIA 400 ARGB,44.99,"500,1800",26.8,Black,,thermaltake-astria-400-argb
Thermaltake TH420 V2 ARGB Sync,109.99,"500,1800",34.7,Black,420.0,thermaltake-th420-v2-argb-sync
EVGA ACX mITX,36.26,"800,2800",33.4,,,evga-acx-mitx
Cooler Master Masterliquid 240 Atmos,123.99,"690,2500",27.2,White,240.0,cooler-master-masterliquid-240-atmos
Thermaltake Gravity A2,21.67,"1200,3500",33.5,Silver / Black,,thermaltake-gravity-a2
Thermaltake ASTRIA 600 ARGB,64.98,"500,1800",26.8,Black,,thermaltake-astria-600-argb
Thermaltake TH120 ARGB Sync,59.99,1500,28.2,White,120.0,thermaltake-th120-argb-sync
be quiet! Shadow Rock 3,51.9,1600,"11.5,24.4",Black,,be-quiet-shadow-rock-3
ID-COOLING SE-207-XT SLIM,36.99,"700,1800","15.2,35.2",,,id-cooling-se-207-xt-slim
EVGA CLCx 360,194.99,,35,Black,360.0,evga-clcx-360
Cooler Master MasterLiquid ML240 Illusion,69.99,"650,1800","6,30",White,240.0,cooler-master-masterliquid-ml240-illusion
BitFenix Cube ARGB,177.74,2000,34,Black,360.0,bitfenix-cube-argb
Cooler Master MasterLiquid ML240R RGB,201.56,"650,2000","6,30",,240.0,cooler-master-masterliquid-ml240r-rgb
be quiet! Shadow Rock Slim 2,44.65,1400,"11.5,23.7",Black,,be-quiet-shadow-rock-slim-2
ID-COOLING FROZN A620 ARGB,64.98,"500,2000",29.9,Black,,id-cooling-frozn-a620-argb
Cooler Master MasterLiquid PL240 FLUX,98.99,,32,Black,240.0,cooler-master-masterliquid-pl240-flux
Gigabyte GAMING 360,159.08,"500,2200","13.8,35.8",White,360.0,gigabyte-gaming-360
MSI MAG CORELIQUID 240R V2,178.11,"500,2000","14.3,34.3",White,240.0,msi-mag-coreliquid-240r-v2
Antec A400i,35.79,"800,1800","20,36",Black / Silver,,antec-a400i
Cooler Master i50,16.98,2000,28,Black / Silver,,cooler-master-i50
Thermalright Frozen Warframe 240 SE ARGB,56.99,2000,29.8,White,240.0,thermalright-frozen-warframe-240-se-argb
Geometric Future Eskimo Pro 42,89.9,2400,34.2,White,420.0,geometric-future-eskimo-pro-42
be quiet! Light Loop,144.9,"1500,2900","15.4,34.9",White,240.0,be-quiet-light-loop
Asus ROG STRIX LC III,210.99,"800,2200",36,Black,360.0,asus-rog-strix-lc-iii
GAMDIAS CHIONE M4-360,105.23,"800,2000","11,29",Black,360.0,gamdias-chione-m4-360
be quiet! Pure Rock Slim,74.0,2000,"13.1,25.4",,,be-quiet-pure-rock-slim
Alphacool Core Ocean T38,93.5,,"0,36",Black,420.0,alphacool-core-ocean-t38
be quiet! Pure Loop 120,62.49,,"18.9,36.1",Black,120.0,be-quiet-pure-loop-120
ENDORFY Fera 5 Black,33.5,"250,1800",,Black,,endorfy-fera-5-black
Vetroo V360,64.98,"800,1800",30.8,Pink,360.0,vetroo-v360
ARCTIC Liquid Freezer II 420 RGB,347.31,"200,1900",22.5,Black,420.0,liquid-freezer-ii-420-rgb
Noctua NH-D15 SE-AM4,129.94,"1200,1500","19.2,24.6",,,nh-d15-se-am4
Cooler Master Hyper 212 EVO V2,78.47,"650,1800","8,27",,,cooler-master-hyper-212-evo-v2
NZXT Kraken Plus,159.99,"500,1700",30,Black,280.0,kraken-plus
ENDORFY Navis F240 ARGB,146.08,"250,1800",,Black,240.0,endorfy-navis-f240-argb
PC Cooler DS360,109.99,"500,2200",32,Black,360.0,pc-cooler-ds360
Valkyrie SYN,139.9,"800,2150",29,White / Blue,360.0,valkyrie-syn
GAMDIAS BOREAS E1,36.61,"800,2000","10,31",Black / Silver,,gamdias-boreas-e1
Thermalright Frost Commander 140,48.9,1800,30.2,Gray,,thermalright-frost-commander-140
ID-COOLING FROZN A410 GDL,34.99,"500,2000",29.9,Black / Gold,,id-cooling-frozn-a410-gdl
MSI MEG CORELIQUID S280,349.52,,24.9,Black,280.0,msi-meg-coreliquid-s280
Fractal Design Lumen S28 V2,189.61,"500,1700","10,35.5",Black,280.0,fractal-design-lumen-s28-v2
Alphacool Core Ocean T38,79.0,,"0,34.3",Black,360.0,alphacool-core-ocean-t38
Asus ROG STRIX LC II,129.99,"800,2500",37.6,Black,360.0,asus-rog-strix-lc-ii
Lian Li Galahad II Trinity,200.37,2450,35.4,White,240.0,lian-li-galahad-ii-trinity
Fractal Design Celsius+ S24 Prisma PWM ARGB,129.91,"500,2000",32.7,Black,240.0,fractal-design-celsius-s24-prisma-pwm-argb
be quiet! Pure Loop 2,105.7,,"13,32.1",Black,120.0,be-quiet-pure-loop-2
Thermalright Grand Vision ARGB,91.9,2150,29.4,Black,240.0,thermalright-grand-vision-argb
Valkyrie Vind 125 SL,49.49,"800,2150",29,White,,valkyrie-vind-125-sl
be quiet! Silent Loop 2 280,289.43,1600,"16.5,36.1",Black,280.0,be-quiet-silent-loop-2-280
Cooler Master Masterliquid 360 Atmos,149.99,"690,2500",27.2,White,360.0,cooler-master-masterliquid-360-atmos
ID-COOLING SL240,109.99,"500,2000",29.9,Black,240.0,id-cooling-sl240
Enermax LIQMAXFLO 420,114.79,"500,1700",25.47,Black,420.0,enermax-liqmaxflo-420
Thermaltake CL-P0503,12.95,2900,29.58,,,thermaltake-cl-p0503
Thermaltake Floe DX RGB 360 TT Premium Edition,96.36,"500,1500","19,23.9",Black / Gray,360.0,thermaltake-floe-dx-rgb-360-tt-premium-edition
Montech HyperFlow ARGB 240,93.76,2200,29.1,White,240.0,montech-hyperflow-argb-240
Alphacool Eisbaer Aurora 420,189.95,"600,1500",,Black,420.0,alphacool-eisbaer-aurora-420
Ocypus Iota L24,83.99,"500,2000",29,Black,240.0,ocypus-iota-l24
Thermaltake TOUGHAIR 510,57.99,"500,2000",23.6,Black / Gray,,thermaltake-toughair-510
Thermaltake TOUGHAIR 310,34.99,"500,2000",23.6,Black / Gray,,thermaltake-toughair-310
Gigabyte AORUS WATERFORCE X II 240AORUS WATERFORCE X II 240,179.0,"800,2400","12,37.5",Black,240.0,gigabyte-aorus-waterforce-x-ii-240aorus-waterforce-x-ii-240
Cooler Master Elite,69.99,"600,2100",39.5,Black,240.0,cooler-master-elite
ID-COOLING SL PRO SE,119.99,"300,2000",27.2,Black,360.0,id-cooling-sl-pro-se
Asus ROG RYUJIN II,247.26,"450,2000",29.7,Black,240.0,asus-rog-ryujin-ii
Corsair A500,109.99,2400,36,Black / Silver,,a500
Silverstone IceMyst 360,149.99,"500,2200","12.1,33.1",Silver / Black,360.0,silverstone-icemyst-360
Montech METAL DT24 PREMIUM,120.98,"800,1950",26,Black / Silver,,montech-metal-dt24-premium
Thermalright Grand Vision ARGB,79.19,2150,29.4,White,240.0,thermalright-grand-vision-argb
Enermax LIQMAX III 240 ARGB,48.9,"500,1600","14,27",White / Black,240.0,enermax-liqmax-iii-240-argb
Thermaltake TH420 V2 ARGB Sync,139.99,"500,1800",34.7,White,420.0,thermaltake-th420-v2-argb-sync
Enermax LIQMAXFLO SR 240,116.31,"500,1800",23.46,Black,240.0,enermax-liqmaxflo-sr-240
Silverstone Hydrogon H90 ARGB,65.99,"500,2600","11.3,34.6",Black / Silver,,silverstone-hydrogon-h90-argb
Thermaltake TOUGHAIR 710,86.99,"300,1400","18.5,23.9",Black,,thermaltake-toughair-710
Thermaltake TH420 V2 Ultra EX ARGB Sync,244.98,"500,2000",30.7,Black,420.0,thermaltake-th420-v2-ultra-ex-argb-sync
Alphacool Core Ocean T38,67.5,,"0,34.3",Black,240.0,alphacool-core-ocean-t38
ARCTIC Freezer A35 A-RGB,46.96,"200,1700",,Black,,freezer-a35-a-rgb
EVGA CLCx 280,226.92,,35,Black,280.0,evga-clcx-280
Thermaltake TH280 V2 Ultra ARGB Sync,158.99,"500,2000",34.7,Black,280.0,thermaltake-th280-v2-ultra-argb-sync
Cooler Master Hyper 212 LED,69.98,"600,1600","9,31",,,cooler-master-hyper-212-led
MSI MPG CORELIQUID K240 V2,99.99,,39.9,Black,240.0,msi-mpg-coreliquid-k240-v2
Thermaltake ASTRIA 600 ARGB,64.99,"500,1800",26.8,White,,thermaltake-astria-600-argb
ID-COOLING SE-224-XTS,24.99,"600,1500",28.9,Black / Silver,,id-cooling-se-224-xts
KOLINK Umbra Void,102.63,2200,30,Black,120.0,kolink-umbra-void
Enermax LIQMAX III 360 ARGB,165.0,"500,1600","14,27",White / Black,360.0,enermax-liqmax-iii-360-argb
Antec VORTEX 240,226.99,"600,2000",31.24,Black,240.0,antec-vortex-240
ARCTIC Freezer 8i,50.53,"200,2300",,Black / Silver,,freezer-8i
Silverstone SST-XE01-1700A,40.76,"1000,5500",58.1,Black,,silverstone-sst-xe01-1700a
ARCTIC Liquid Freezer III Pro A-RGB,88.49,"400,2500",,Black,280.0,liquid-freezer-iii-pro-a-rgb
Jonsbo HX6200D,74.58,"700,1800","18.6,29.7",White,,jonsbo-hx6200d
ID-COOLING SL240,109.99,"500,2000",29.9,White,240.0,id-cooling-sl240
ID-COOLING DX360 MAX,69.98,,32.5,Black,360.0,id-cooling-dx360-max
TRYX PANORAMA,299.99,"500,2250",30.97,White,240.0,tryx-panorama
Silverstone VIDA 240 SLIM,145.87,"300,1800","15.9,33.9",Black,240.0,silverstone-vida-240-slim
MSI MAG CORELIQUID I240,99.99,,,White,240.0,msi-mag-coreliquid-i240
Asus Prime LC 360 ARGB LCD,124.99,"800,2500",36.5,White,360.0,asus-prime-lc-360-argb-lcd
Iceberg Thermal IceSLEET G6 Stealth,39.99,"600,1400",26,Black / Blue,,iceberg-thermal-icesleet-g6-stealth
Thermaltake TH240 V2 Ultra ARGB Sync,164.95,"500,1800",25.8,Black,240.0,thermaltake-th240-v2-ultra-argb-sync
MSI MPG CORELIQUID K240,148.0,,"0,39.9",Black,240.0,msi-mpg-coreliquid-k240
Noctua NH-U12DXi4,94.95,"300,1500","18.6,22.4",,,nh-u12dxi4
Silverstone Hydrogon D120 ARGB V2,88.14,,"0,30.5",Black / Silver,,silverstone-hydrogon-d120-argb-v2
Aerocool Cylon 4,63.58,"800,1800","14,26",Black,,aerocool-cylon-4
Thermaltake TOUGHAIR 110,34.99,"500,2000",23.6,Black / Silver,,thermaltake-toughair-110
Thermaltake Contac Silent 12,29.09,"400,1500","22.1,28.8",,,thermaltake-contac-silent-12
Thermaltake MAGFloe 420 Ultra ARGB Sync,259.99,"500,2000",34.5,Black,420.0,thermaltake-magfloe-420-ultra-argb-sync
Thermaltake TH120 V2 ARGB Sync,79.98,"500,2000",25.8,White,120.0,thermaltake-th120-v2-argb-sync
ENDORFY Fortis 5 ARGB,50.5,"250,1400",,Black / Silver,,endorfy-fortis-5-argb
Cooler Master i70,19.98,1800,28,Black / Silver,,cooler-master-i70
BitFenix Cube ARGB,59.9,2000,34,White,240.0,bitfenix-cube-argb
Thermaltake TOUGHLIQUID Ultra RGB,279.99,"500,2000",30.7,Black,420.0,thermaltake-toughliquid-ultra-rgb
ARCTIC Freezer 4U-M,108.46,"400,2300",40,Black / Silver,,freezer-4u-m
Alpenf√∂hn Brocken 4,102.25,"400,1600",22.8,Black,,alpenf-hn-brocken-4
Thermalright SI-100,28.29,2000,27.7,Gray / Silver,,thermalright-si-100
Mars Gaming ML-ONE,71.18,"600,1800","9,26",Black,240.0,mars-gaming-ml-one
Jonsbo CR-1000 EVO ARGB White,50.73,"600,1500","22,32",White,,jonsbo-cr-1000-evo-argb-white
Zalman CNPS16X,24.98,"800,1500",27,Black,,zalman-cnps16x
Antec Symphony ARGB,176.27,"800,1600","20,35",Black,240.0,antec-symphony-argb
KOLINK Umbra EX180 Black Edition,52.91,"800,1800",28.6,Black,,kolink-umbra-ex180-black-edition
PC Cooler RZ620,79.59,"500,2200","28,32",Black,,pc-cooler-rz620
Vetroo V240,59.99,"800,1800",30.8,Pink,240.0,vetroo-v240
Thermalright Silver Soul 135,105.0,1850,29.6,Black,,thermalright-silver-soul-135
Thermaltake TH360 V2 Ultra EX ARGB Sync,224.98,,,Black,360.0,thermaltake-th360-v2-ultra-ex-argb-sync
PC Cooler RZ400 V2,19.98,"500,2200",32,White,,pc-cooler-rz400-v2
Thermaltake ASTRIA 400 ARGB,52.99,"500,1800",26.8,White,,thermaltake-astria-400-argb
Silverstone Krypton KR01,35.99,"800,3000",33,Black / Silver,,silverstone-krypton-kr01
Phanteks Glacier One 360MPH,330.0,"500,2200","18,34.2",White,360.0,phanteks-glacier-one-360mph
Alphacool Eisbaer Extreme,216.6,1000,18.8,Black,280.0,alphacool-eisbaer-extreme
Enermax ETS-F40-FS,24.79,"300,1200","10,23",White,,enermax-ets-f40-fs
Evercool HPL-815EP,25.0,"1000,4000","12,40",,,evercool-hpl-815ep
Thermaltake TH280 V2 Ultra ARGB Sync,174.99,"500,2000",34.7,White,280.0,thermaltake-th280-v2-ultra-argb-sync
Thermaltake MAGFloe 420 Ultra ARGB Sync,259.99,"500,2000",34.5,White,420.0,thermaltake-magfloe-420-ultra-argb-sync
YEYIAN VATN ARGB 360,109.99,"800,2000","25,32",Black,360.0,yeyian-vatn-argb-360
Cougar Poseidon Elite ARGB 360,155.94,"500,2200",33.5,White,360.0,cougar-poseidon-elite-argb-360
Cougar Poseidon Elite ARGB 240,144.31,"500,2200",33.5,White,240.0,cougar-poseidon-elite-argb-240
iBuypower AW4,79.98,"700,2000",38,White,240.0,ibuypower-aw4
Alphacool Core Ocean T38,56.0,,"0,34.3",Black,120.0,alphacool-core-ocean-t38
Jonsbo CR-1000 EVO Color White,24.99,"600,1500","22,32",White,,jonsbo-cr-1000-evo-color-white
Xilence A200,34.11,2200,32,Black / Silver,,xilence-a200
Asus Prime LC 360 ARGB LCD,159.99,"800,2500",36.5,Black,360.0,asus-prime-lc-360-argb-lcd
Xilence A404T,30.16,"600,2200","14,21.8",Red / Black,,xilence-a404t
MSI MPG CORELIQUID D240,184.99,,,Black,240.0,msi-mpg-coreliquid-d240
NZXT Kraken X53 RGB,452.05,"500,1500","22,33",White / Black,240.0,kraken-x53-rgb
Cooler Master Hyper 212 LED Turbo (Red),77.9,"300,1600","9,31",,,cooler-master-hyper-212-led-turbo-red
Cooler Master Elite,69.98,"600,2100",39.5,White,240.0,cooler-master-elite
GAMDIAS BOREAS P1-720,44.99,"800,2000","10,31",Black,,gamdias-boreas-p1-720
iBuypower AW4,99.99,"700,2000",38,White,360.0,ibuypower-aw4
PC Cooler RZ620,49.99,"500,2200","28,32",White,,pc-cooler-rz620
PC Cooler DS360,109.99,"500,2200",32,White,360.0,pc-cooler-ds360
Iceberg Thermal IceSLEET X9 Dual TR,42.99,"500,1850","0,38",Teal / Silver,,iceberg-thermal-icesleet-x9-dual-tr
ID-COOLING DX240 MAX,59.99,,32.5,Black,240.0,id-cooling-dx240-max
Silverstone AR12-TUF,40.84,"300,2200","6.2,34.4",Black / Orange,,silverstone-ar12-tuf
Cooler Master MasterLiquid ML360 Mirror,272.41,"650,1800","8,27",Black,360.0,cooler-master-masterliquid-ml360-mirror
Asus ROG STRIX LC III ARGB,179.99,"800,2200",36,Black,240.0,asus-rog-strix-lc-iii-argb
Silverstone IceMyst 420,187.56,"400,1750","13.3,30.8",Silver / Black,420.0,silverstone-icemyst-420
Thermaltake ASTRIA 200 ARGB,44.98,"500,1800",26.8,White,,thermaltake-astria-200-argb
Gigabyte AORUS WATERFORCE 280,189.82,"950,2150","17.1,36.5",Black,280.0,gigabyte-aorus-waterforce-280
Cougar Helor 360,321.44,"600,1800",37.1,Black,360.0,cougar-helor-360
Noctua NH-D9DX i4 3U,70.71,"400,2000","16.3,22.8",,,nh-d9dx-i4-3u
Asus ROG RYUO 240 RGB,196.99,"800,2500",37,Black,240.0,asus-rog-ryuo-240-rgb
Antec FrigusAir 400 RGB,139.09,"800,1600","20,36",Black / Silver,,antec-frigusair-400-rgb
ARCTIC Freezer 50 TR (w/ARGB Controller),181.94,"200,1800",23.5,Black,,freezer-50-tr-w-argb-controller
Xilence I250PWM,43.1,"800,2500","17.6,26.4",Red / Black,,xilence-i250pwm
Geometric Future Eskimo Pro 36,79.9,2000,34.2,Black,360.0,geometric-future-eskimo-pro-36
Asus ROG STRIX LC III ARGB,152.99,"800,2200",36,White,240.0,asus-rog-strix-lc-iii-argb
Silverstone Krypton KR02,33.65,"800,2800","13.6,34.8",Black / Silver,,silverstone-krypton-kr02
Alphacool Core Ocean T38,80.75,,"0,36",Black,280.0,alphacool-core-ocean-t38
Jonsbo CR-1000 V2 Color,54.1,"600,1500","22,32",Black / Silver,,jonsbo-cr-1000-v2-color
ENDORFY Navis F280 ARGB,134.72,"250,1800",,Black,280.0,endorfy-navis-f280-argb
Jonsbo CR-1000 EVO Color Black,29.5,"600,1500","22,32",Black,,jonsbo-cr-1000-evo-color-black
Xilence LQ240,91.69,"700,1600","18,32.5",Red / Black,240.0,xilence-lq240
Alpenf√∂hn BEN NEVIS,46.61,"400,1600","8,20.2",,,alpenf-hn-ben-nevis
KOLINK Umbra Void,152.82,2200,30,Black,360.0,kolink-umbra-void
Asus ROG STRIX LC 120 RGB,311.0,"800,2500",37.6,Black,120.0,asus-rog-strix-lc-120-rgb
be quiet! Silent Loop 2 120,284.17,2200,"16.6,36.4",Black,120.0,be-quiet-silent-loop-2-120
Mars Gaming MCPU-XT,66.36,"800,1600","9,26",Black,,mars-gaming-mcpu-xt
Xilence LQ240PRO,119.21,"500,1500","22,24",Black,240.0,xilence-lq240pro
Thermaltake MAGFloe 360 Ultra ARGB Sync,239.99,"500,2000",30.6,White,360.0,thermaltake-magfloe-360-ultra-argb-sync
Cooler Master MasterLiquid LC240E RGB,72.0,"650,1800",31.5,Black,240.0,cooler-master-masterliquid-lc240e-rgb
ARCTIC Freezer A35 RGB,39.65,"200,1700",,Black,,freezer-a35-rgb
Cooler Master MasterAir MA620M,150.9,"650,2000","8,30",Black,,cooler-master-masterair-ma620m
Intel BXTS13X,134.02,"800,2200","21,35",,120.0,intel-bxts13x
ARCTIC Alpine AM4 CO,20.34,"100,2700",,Black,,alpine-am4-co
Iceberg Thermal IceSLEET X7 Dual,37.99,"500,1850","0,38",Teal / Silver,,iceberg-thermal-icesleet-x7-dual
Ocypus Iota L24,83.99,"500,2000",29,White,240.0,ocypus-iota-l24
GAMDIAS CHIONE E4,94.99,"800,1800","11,33.8",Black,360.0,gamdias-chione-e4
Thermaltake Floe DX RGB 280 TT Premium Edition,97.84,"500,1400","19.8,26.2",Black / Gray,280.0,thermaltake-floe-dx-rgb-280-tt-premium-edition
GAMDIAS CHIONE E4,94.99,"800,1800","11,33.8",White,360.0,gamdias-chione-e4
Cooler Master MasterAIR G200P,84.99,"800,2000","6,28",Black / Silver,,cooler-master-masterair-g200p
FSP Group MP7 ARGB,54.99,"800,1800",32,Black / Silver,,fsp-group-mp7-argb
Asus ROG STRIX LC 240 RGB,169.99,"800,2500",37.6,Black,240.0,asus-rog-strix-lc-240-rgb
StarTech FAN1156PWM,23.99,"1000,3000",33,,,startech-fan1156pwm
Geometric Future Eskimo Junior 36,69.9,2000,29,White,360.0,geometric-future-eskimo-junior-36
Dynatron K129,44.95,,0,Orange,,dynatron-k129
Enermax LIQMAXFLO 360,161.12,"500,1800",23.46,Black,360.0,enermax-liqmaxflo-360
Ocypus Delta A62 ARGB,49.99,"500,2000",29,Black,,ocypus-delta-a62-argb
Noctua NH-U12S TR4-SP3,99.95,"300,1500","18.6,22.4",,,nh-u12s-tr4-sp3
Thermaltake TH420 ARGB Sync,213.87,"500,1800",34.7,Black,420.0,thermaltake-th420-argb-sync
Alphacool Eisbaer LT360,124.75,"550,1700",29,Black,360.0,alphacool-eisbaer-lt360
ID-COOLING IS-40X,24.99,"600,2500","14,33",Black / White,,id-cooling-is-40x
PC Cooler RZ620,79.59,"500,2200","28,32",Black / Silver,,pc-cooler-rz620
Asus ROG RYUO 120 RGB,239.0,"800,2500",37,Black,120.0,asus-rog-ryuo-120-rgb
MSI Core Frozr XL,136.64,"500,1800","17.2,33.6",Black / Red,,msi-core-frozr-xl
Alpenf√∂hn Glacier Water 360 High Speed,305.88,"500,2200",36.8,Black,360.0,alpenf-hn-glacier-water-360-high-speed
Cooler Master MasterLiquid ML360 Sub-Zero EVO,656.42,,30,Black,360.0,cooler-master-masterliquid-ml360-sub-zero-evo
Iceberg Thermal IceSLEET X5,29.99,"500,1850","0,36",Teal / Silver,,iceberg-thermal-icesleet-x5
Xilence LQ360,141.79,"700,1600","18,35.2",Red / Black,360.0,xilence-lq360
Geometric Future Eskimo Pro 36,64.9,2000,34.2,White,360.0,geometric-future-eskimo-pro-36
Alphacool Eisbaer LT240,113.5,"550,1700",29,Black,240.0,alphacool-eisbaer-lt240
SilenX EFZ-92HA2,18.76,2400,"8,24",,,silenx-efz-92ha2
Jonsbo HX6250,95.83,"400,1800","28,38",Black,,jonsbo-hx6250
Zalman CNPS9X Performa ARGB,32.99,"700,1800",28,White,,zalman-cnps9x-performa-argb
Alphacool Eisbaer Pro Aurora,259.99,,31.5,Black,360.0,alphacool-eisbaer-pro-aurora
CRYORIG C7 Cu,104.0,"600,2500",30,White / Orange,,cryorig-c7-cu
ARCTIC Freezer 50 (w/Controller),97.99,"200,1800",,Black,,freezer-50-w-controller
Akasa Vegas Chroma AM,33.21,"500,1800",32.5,Black,,akasa-vegas-chroma-am
ARCTIC Liquid Freezer II 420 RGB,295.58,"200,1900",22.5,Black,420.0,liquid-freezer-ii-420-rgb
Azza CUBE 240,79.98,"500,2000",34,Black,240.0,azza-cube-240
Alphacool Eisbaer 240,119.5,"550,1700",29,Black,240.0,alphacool-eisbaer-240
Thermaltake TH120 ARGB Sync,99.35,1500,28.2,Black,120.0,thermaltake-th120-argb-sync
ARCTIC Liquid Freezer II 280 RGB,225.52,"200,1900",22.5,Black,280.0,liquid-freezer-ii-280-rgb
Alpenf√∂hn Brocken 4 Max,125.91,"400,1800","22.8,24.7",Black,,alpenf-hn-brocken-4-max
Silverstone NovaPeak 360,118.35,"600,2200",35.1,Black,360.0,silverstone-novapeak-360
Enermax LIQMAXFLO SR 120,95.27,"500,1800",23.46,Black,120.0,enermax-liqmaxflo-sr-120
StarTech FAN775E,23.75,2600,22.2,,,startech-fan775e
Silverstone VIDA 120 SLIM,109.09,"300,1800","15.9,33.9",Black,120.0,silverstone-vida-120-slim
Iceberg Thermal IceSLEET X6,31.99,"500,1850","0,36",Teal / Silver,,iceberg-thermal-icesleet-x6
Cougar FORZA 85,69.98,"600,2000",34.5,Black,,cougar-forza-85
Thermaltake CLP0556,19.98,"1900,2300",22,,,thermaltake-clp0556
Thermaltake TOUGHLIQUID Ultra,199.99,"500,2500",28.1,Black,240.0,thermaltake-toughliquid-ultra
GAMDIAS CHIONE M3,102.17,"800,2000",,White,240.0,gamdias-chione-m3
Thermaltake Floe DX RGB TT Premium Edition B,96.36,"500,1500","19,23.9",Black,360.0,thermaltake-floe-dx-rgb-tt-premium-edition-b
Silverstone NT07-115X,36.99,"1500,3600","21.9,34.7",Silver / Black,,silverstone-nt07-115x
Asus ROG STRIX LC 240 RGB White Edition,184.99,"800,2500",37.6,White,240.0,asus-rog-strix-lc-240-rgb-white-edition
Enermax LIQMAXFLO 240,74.48,"500,1800",23.46,Black,240.0,enermax-liqmaxflo-240
Cooler Master MasterAir MA610P ARGB,124.9,"650,1800","8,27",,,cooler-master-masterair-ma610p-argb
Xilence M705D,70.16,"700,1600","18,32.5",Black,,xilence-m705d
Silverstone IceMyst 240,107.99,"500,2200","12.1,33.1",Silver / Black,240.0,silverstone-icemyst-240
Thermaltake TOUGHLIQUID Ultra,204.98,"500,2000",33.2,Black,280.0,thermaltake-toughliquid-ultra
Cougar FORZA 135,89.99,"500,1500",38.5,Black / Silver,,cougar-forza-135
Thermaltake TOUGHAIR 510,57.3,"500,1200",23.6,Green,,thermaltake-toughair-510
Cooler Master Elite,79.99,"600,2100",39.5,White,360.0,cooler-master-elite
Jonsbo CR-2000GT RGB,73.06,"700,1500","18.1,29.5",Black,,jonsbo-cr-2000gt-rgb
Silverstone NovaPeak 240 ARGB,63.89,"500,2200","12.1,33.1",Black,240.0,silverstone-novapeak-240-argb
ARCTIC Freezer 8i CO,51.81,"200,2300",,Black / Silver,,freezer-8i-co
Antec A40PRO,61.79,"800,2200","16,23",,,antec-a40pro
Dynatron R24,42.95,"1500,7000","16,47.5",,,dynatron-r24
Iceberg Thermal IceSLEET G3,17.99,"600,1200",20.5,Black / Gray,,iceberg-thermal-icesleet-g3
Silverstone IceMyst 280,114.1,"400,1750","13.3,30.8",Silver / Black,280.0,silverstone-icemyst-280
Sunbeam CR-CCTF,19.22,"1000,2000","16,20",,,sunbeam-cr-cctf
Cooler Master MASTERLIQUID PL240 FLUX,248.03,,32,White,240.0,cooler-master-masterliquid-pl240-flux
Thermaltake TOUGHLIQUID ARGB,124.98,"500,2000",22.3,Teal,240.0,thermaltake-toughliquid-argb
Alphacool Eisbaer 360,139.95,"550,1700",29,Black,360.0,alphacool-eisbaer-360
Cooler Master Hyper 212 Plus,137.41,"600,2000","13,32",,,cooler-master-hyper-212-plus
ARCTIC Freezer i35 CO,43.51,"200,1800",,Black / Silver,,freezer-i35-co
ARCTIC Freezer A35,84.02,"200,1800",,Black / White,,freezer-a35
ADATA XPG LEVANTE 360,160.79,"600,2000",34,Black,360.0,adata-xpg-levante-360
RAIJINTEK LETO RGB,28.75,"800,1800",25,Black / Silver,,raijintek-leto-rgb
Thermaltake TOUGHLIQUID Ultra RGB,234.98,"500,2000",30.7,Black,280.0,thermaltake-toughliquid-ultra-rgb
Asus ROG Strix LC 360,239.99,"800,2500",37.6,Black,360.0,asus-rog-strix-lc-360
Dynatron A49,52.99,"800,1800","10.8,21.3",Silver,,dynatron-a49
Silverstone AR12 RGB,38.42,"700,2200","9,29",Silver / Black,,silverstone-ar12-rgb
Thermaltake TH420 ARGB Sync,138.59,"500,1800",34.7,White,420.0,thermaltake-th420-argb-sync
be quiet! Shadow Rock TF 2,112.58,1400,"11.9,24.4",Silver / Black,,be-quiet-shadow-rock-tf-2
Thermaltake UX 210 ARGB,46.19,"600,2000",34.3,Black / Silver,,thermaltake-ux-210-argb
Thermaltake Floe Riing RGB 360 TT Premium Edition,159.81,"500,1400","19.8,24.7",,360.0,thermaltake-floe-riing-rgb-360-tt-premium-edition
GAMDIAS CHIONE M2,69.98,"800,1800",,Black,240.0,gamdias-chione-m2
Silverstone Hydrogon D120 ARGB,102.47,,"0,30.5",Black / Silver,,silverstone-hydrogon-d120-argb
Thermaltake Floe Riing RGB 240 TT Premium Edition,104.98,"500,1400","19.8,24.7",,240.0,thermaltake-floe-riing-rgb-240-tt-premium-edition
Cooler Master MasterAir MA410M,102.0,"650,1800","6,31",Black,,cooler-master-masterair-ma410m
Thermaltake TOUGHAIR 710,84.99,"300,1400","18.5,23.9",Gray,,thermaltake-toughair-710
ARCTIC Liquid Freezer II 280 RGB,266.94,"200,1900",22.5,Black,280.0,liquid-freezer-ii-280-rgb
Alpenf√∂hn Glacier Water High Speed 360,206.33,"500,2200",36.8,White,360.0,alpenf-hn-glacier-water-high-speed-360
Thermaltake UX200 ARGB,28.99,"300,1500",26.33,Black,,thermaltake-ux200-argb
Thermaltake TH240 V2 Ultra EX ARGB Sync,194.98,,,Black,240.0,thermaltake-th240-v2-ultra-ex-argb-sync
GAMDIAS CHIONE E4,84.99,"800,1800","11,33.8",Black,240.0,gamdias-chione-e4
Zalman CNPS9500A-LED,34.99,"1350,2600","18,27.5",,,zalman-cnps9500a-led
ARCTIC Freezer i35 RGB,33.26,"200,1700",,Black,,freezer-i35-rgb
Silverstone NovaPeak 360 ARGB,125.51,"500,2200","12.1,33.1",Black,360.0,silverstone-novapeak-360-argb
Zalman CNPS20X,28.99,"800,1500",29,Black / Silver,,zalman-cnps20x
Ocypus Delta A62 ARGB,49.99,"500,2000",29,Black,,ocypus-delta-a62-argb
Silverstone NovaPeak 240,93.27,"600,2200",35.1,Black,240.0,silverstone-novapeak-240
Iceberg Thermal IceSLEET G4 OC,24.99,"600,1400",22.5,Black / Teal,,iceberg-thermal-icesleet-g4-oc
Xilence M403PRO.ARGB,38.0,"500,1800","14.2,25.6",Black / Silver,,xilence-m403pro-argb
Thermaltake Floe DX RGB 240 TT Premium Edition,189.99,"500,1500","19,23.9",Black / Gray,240.0,thermaltake-floe-dx-rgb-240-tt-premium-edition
Silverstone NT09-115X,25.52,"550,2500","18.5,32",,,silverstone-nt09-115x
Alpenf√∂hn Glacier Water High Speed 240,187.99,"500,2200",36.8,White,240.0,alpenf-hn-glacier-water-high-speed-240
Xilence M704PRO.ARGB,57.95,"800,1800","18,32.2",,,xilence-m704pro-argb
Alphacool Eisbaer Aurora 360,239.99,"800,2000",,Black,360.0,alphacool-eisbaer-aurora-360
ARCTIC Freezer i13 X,29.99,"300,2000",,Black / White,,freezer-i13-x
Xilence LQ360.ARGB,140.67,"900,1850","18,28",Black,360.0,xilence-lq360-argb
Iceberg Thermal IceSLEET G4 Silent,19.99,"600,1200",20.5,Black / Gray,,iceberg-thermal-icesleet-g4-silent
Xilence M504D,100.0,"600,2200","14,21.8",Red / Black,,xilence-m504d
Thermalright Silver Arrow 130,179.39,"600,1500","19,23",Silver,,thermalright-silver-arrow-130
Thermaltake Water 3.0 Riing RGB 280,149.99,"300,1500","18.5,26.4",Black / Red,280.0,thermaltake-water-3-0-riing-rgb-280
Cooler Master CHD-00008-01-GP,24.99,2200,22,,,cooler-master-chd-00008-01-gp
Xilence M906,77.08,"500,1500","18,30.8",Black,,xilence-m906
Scythe Kotetsu Mark II,121.13,"300,1200","4,24.9",,,scythe-kotetsu-mark-ii
Silverstone IceGem 280,177.29,"600,1600","9.8,23.4",Black,280.0,silverstone-icegem-280
RAIJINTEK Orcus 140 RGW,108.93,"400,1800",28,Black,140.0,raijintek-orcus-140-rgw
Thermaltake CLP0556-B,19.98,"1900,2300",22,,,thermaltake-clp0556-b
GAMDIAS CHIONE E4,84.99,"800,1800","11,33.8",White,240.0,gamdias-chione-e4
Xilence M403PRO,41.13,"500,1800","14.2,25.6",Red / Black,,xilence-m403pro
Silverstone NT07-AM2,18.25,"1500,2500","15,25",,,silverstone-nt07-am2
Alphacool Eisbaer Aurora 280,154.45,"600,1500",,Black,280.0,alphacool-eisbaer-aurora-280
Silverstone IceGem 360,265.95,"600,2200","7.3,36.6",Black,360.0,silverstone-icegem-360
Xilence I404T,30.8,"600,2200","14,21.8",Red / Black,,xilence-i404t
Alpenf√∂hn Silvretta,35.47,"800,2800",,,,alpenf-hn-silvretta
Akasa Nero 3,130.19,"500,1500",24.6,Black / Silver,,akasa-nero-3
SilenX EFZ-92HA3,32.11,2000,"8,24",,,silenx-efz-92ha3
Alphacool Eisbaer Aurora 240,137.35,"800,2000",,Black,240.0,alphacool-eisbaer-aurora-240
Alpenf√∂hn Dolomit Premium,90.17,"500,1600",23.5,Black,,alpenf-hn-dolomit-premium
Silverstone AR06,51.35,2500,"20,28.3",,,silverstone-ar06
ARCTIC Freezer i32,67.0,,,,,freezer-i32
Thermaltake Riing Silent 12 Red,49.98,"300,1400","13,18",,,thermaltake-riing-silent-12-red
Dynatron T318,46.95,,0,,,dynatron-t318
ARCTIC Freezer i35,84.11,"200,1800",,Black / White,,freezer-i35
Akasa SOHO 360 Dusk,256.2,"500,2000","14.5,31.8",Black,360.0,akasa-soho-360-dusk
Cooler Master DK9-7E52A-0L-GP,59.99,3200,25.17,,,cooler-master-dk9-7e52a-0l-gp
Cougar Helor 240,277.7,"600,1800",37.1,Black,240.0,cougar-helor-240
Thermaltake Riing Silent 12 RGB Sync Edition,49.48,"300,1500","13,22",Black,,thermaltake-riing-silent-12-rgb-sync-edition
ARCTIC Freezer 33 CO,49.0,,22.5,,,freezer-33-co
ARCTIC Freezer A35 CO,76.06,"200,1800",,Black / Silver,,freezer-a35-co
Dynatron R25,44.95,"1000,7000","21.5,59.14",,,dynatron-r25
In Win Nebula NR36,149.0,"400,1800",25,Black / White,360.0,in-win-nebula-nr36
Thermaltake TOUGHLIQUID ARGB,162.01,"500,2000",33.2,Black,280.0,thermaltake-toughliquid-argb
Iceberg Thermal IceSLEET G4 Midnight Limited Edition,29.99,"600,1400",22.5,Black,,iceberg-thermal-icesleet-g4-midnight-limited-edition
Dynatron Q12,39.95,,"16,35.98",,,dynatron-q12
Iceberg Thermal IceSLEET G4 OC,29.99,"600,1400",22.5,Teal / Silver,,iceberg-thermal-icesleet-g4-oc
Alpenf√∂hn Glacier Water 240 High Speed,200.64,"500,2200",36.8,Black,240.0,alpenf-hn-glacier-water-240-high-speed
Alphacool Eisbaer Pro Aurora,186.75,,31.5,Black,280.0,alphacool-eisbaer-pro-aurora
Geometric Future Eskimo Junior 24,99.9,2000,29,Black,240.0,geometric-future-eskimo-junior-24
Akasa Vegas Chroma LG,42.13,"500,1800",32.5,Black,,akasa-vegas-chroma-lg
Cougar FORZA 85 ESSENTIAL,59.99,"600,2000",34.5,Black,,cougar-forza-85-essential
Thermaltake CLP0587,74.98,"1200,1800",39,,,thermaltake-clp0587
Titan TTC-NC85TZ(RB),48.89,"210,2100",28.8,,,titan-ttc-nc85tz-rb
Silverstone Argon AR09-115XP,36.99,"1200,5000","18.02,42.5",,,silverstone-argon-ar09-115xp
RAIJINTEK Orcus 280 RGW,69.99,"400,1800",28,Black,280.0,raijintek-orcus-280-rgw
Dynatron R15,48.95,,,,,dynatron-r15
Thermaltake Frio Silent 14,35.74,"700,1200","12,19.3",,,thermaltake-frio-silent-14
Xilence LQ120,74.81,"700,1600","18,32.5",Red / Black,120.0,xilence-lq120
Dynatron R14,48.95,"1500,7000","16,47.5",,,dynatron-r14
Thermaltake Floe Riing RGB 280 TT Premium Edition,131.96,"500,1400","19.8,27.2",,280.0,thermaltake-floe-riing-rgb-280-tt-premium-edition
Thermaltake Floe DX RGB TT Premium Edition B,189.99,"500,1500","19,23.9",Black,240.0,thermaltake-floe-dx-rgb-tt-premium-edition-b
Dynatron K5,29.13,"1000,2500","14.7,29.8",,,dynatron-k5
SilenX EFZ-100HA2,24.48,2400,"8,24",,,silenx-efz-100ha2
Evercool HPFI-10025,18.0,1800,23,,,evercool-hpfi-10025
Silverstone NT07-115X,33.74,"1200,3400","18,26",,,silverstone-nt07-115x
Dynatron R8,42.95,,,,,dynatron-r8
Silverstone Argon AR10-115XP,61.21,"500,4000","18.07,39.03",,,silverstone-argon-ar10-115xp
Evercool EC-NK804A-925EP,17.0,2750,28.2,,,evercool-ec-nk804a-925ep
Dynatron R27,47.95,"1000,3800","16,43.4",,,dynatron-r27
Thermalright Macho Direct,97.0,"300,1300","15,21",,,thermalright-macho-direct
Silverstone IceGem 240P,222.82,"600,2200","7.3,36.6",Black,240.0,silverstone-icegem-240p
Dynatron R13,43.95,"1100,6000","19.1,53.8",,,dynatron-r13
Alpenf√∂hn Glacier Water 280,205.47,"500,2000",36.4,Black,280.0,alpenf-hn-glacier-water-280
Enermax Aquafusion 240,94.97,"500,2000","17,32.6",Black,240.0,enermax-aquafusion-240
Dynatron T459,28.99,,,,,dynatron-t459
In Win SR24,112.0,"500,2500",23,Black,240.0,in-win-sr24
Alphacool Eisbaer Pro Aurora,172.5,,31.5,Black,240.0,alphacool-eisbaer-pro-aurora
Antec KUHLER H2O 950,59.13,,,,120.0,antec-kuhler-h2o-950
Silverstone Argon AR09-115XS,39.61,"1200,5000","18.02,42.5",,,silverstone-argon-ar09-115xs
Silverstone AR11,46.83,"1200,3000","19.3,44.5",Black / Silver,,silverstone-ar11
Rosewill RCX-ZAIO-92,39.95,"600,2500","14.5,25",,,rosewill-rcx-zaio-92
RAIJINTEK THEMIS,48.36,"1000,1500",24.53,,,raijintek-themis
Gelid Solutions Rev. 2 Tranquillo,44.96,"750,1500","12,25.5",,,gelid-solutions-rev-2-tranquillo
In Win SR36,130.0,"500,2500",23,Black,360.0,in-win-sr36
Dynatron R9,39.95,"1000,4500","13.14,45.9",,,dynatron-r9
Dynatron K199,39.0,"1000,5000","20.71,51.7",,,dynatron-k199
Silverstone NT06-PRO-V2,80.34,"1000,2200",,Silver / Black,,silverstone-nt06-pro-v2
Cooler Master RR-LEE-L911-GP,29.99,2200,17,,,cooler-master-rr-lee-l911-gp
Dynatron K17,43.0,"1000,2500","17,31.92",,,dynatron-k17
Silverstone AR05,50.69,2500,"20,28.3",,,silverstone-ar05
In Win BR36,127.0,"400,1800",35.5,Black / White,360.0,in-win-br36
RAIJINTEK THEMIS Evo,51.97,"1000,1500",24.53,,,raijintek-themis-evo
FSP Group Windale 4,38.1,"600,1600",32,Black / Silver,,fsp-group-windale-4
Zalman CNPS17X,20.0,"800,1500",29,Black / Silver,,zalman-cnps17x
Thermaltake TOUGHAIR 510,59.99,"500,1200",23.6,Teal,,thermaltake-toughair-510
Thermaltake CLP0552,29.98,"800,1700",22,,,thermaltake-clp0552
Akasa Nero 3,118.68,"500,1500",24.6,,,akasa-nero-3
Silverstone AR08,45.63,"1500,2800","14.1,27.7",Blue / Silver,,silverstone-ar08
In Win SR36 PRO,142.34,"500,2500",23,Black,360.0,in-win-sr36-pro
Geometric Future Prawn,70.59,2000,29.8,Black / Silver,,geometric-future-prawn
Thermaltake A4021,46.78,2200,18,,,thermaltake-a4021
ARCTIC Freezer A11,68.0,"500,2000",22.5,,,freezer-a11
In Win BR24,106.23,"400,1800",35.5,Black / White,240.0,in-win-br24
