brand,model,GpuName,Generation,BaseClock,BoostClock,Architecture,ProcessSize,ReleaseDate,BusInterface,MemoryClock,MemorySizeGB,MemoryType,ShadingUnits,TMUs,ROPs,SMs,TensorCores,RTcores,L1CacheKB,L2CacheMB,TDP,BoardLength,BoardWidth,SlotWidth,SuggestedPSU,PowerConnectors,DisplayConnectors
NVIDIA,A10M,A10M,Server Ampere(Axx),975.0,1635.0,Ampere,8.0,2022-02-01,PCIe 4.0 x16,1563.0,20.0,GDDR6,7168,224,80,56,224,56,128.0,6.0,150.0,267.0,112.0,Single-slot,450.0,8-pin EPS,
NVIDIA,A800 PCIE 40 GB,A800 PCIe 40 GB,Server Ampere(Axx),765.0,1410.0,Ampere,7.0,2022-11-08,PCIe 4.0 x16,1215.0,40.0,HBM2e,6912,432,160,108,432,0,192.0,40.0,250.0,267.0,111.0,Dual-slot,600.0,8-pin EPS,
NVIDIA,A800 PCIE 80 GB,A800 PCIe 80 GB,Server Ampere(Axx),1065.0,1410.0,Ampere,7.0,2022-11-08,PCIe 4.0 x16,1512.0,80.0,HBM2e,6912,432,160,108,432,0,192.0,80.0,250.0,267.0,111.0,Dual-slot,600.0,8-pin EPS,
NVIDIA,A800 SXM4 80 GB,A800 SXM4 80 GB,Server Ampere(Axx),1155.0,1410.0,Ampere,7.0,2022-08-11,PCIe 4.0 x16,1593.0,80.0,HBM2e,6912,432,160,108,432,0,192.0,40.0,400.0,,,SXM Module,800.0,,
NVIDIA,1630,GeForce GTX 1630,GeForce 16,1740.0,1785.0,Turing,12.0,2022-06-28,PCIe 3.0 x16,1500.0,4.0,GDDR6,512,32,16,8,0,0,64.0,1.0,75.0,145.0,69.0,Single-slot,250.0,,"1x DVI, 1x HDMI 2.0, 1x DisplayPort 1.4a"
NVIDIA,3050 4 GB,GeForce RTX 3050 4 GB,GeForce 30,1545.0,1740.0,Ampere,8.0,2022-01-27,PCIe 4.0 x8,1500.0,4.0,GDDR6,2048,64,32,16,64,16,128.0,2.0,90.0,242.0,112.0,Dual-slot,250.0,1x 6-pin,"1x HDMI 2.1, 3x DisplayPort 1.4a"
NVIDIA,3050 8 GB,GeForce RTX 3050 8 GB,GeForce 30,1552.0,1777.0,Ampere,8.0,2022-01-04,PCIe 4.0 x8,1750.0,8.0,GDDR6,2560,80,32,20,80,20,128.0,2.0,130.0,242.0,112.0,Dual-slot,300.0,1x 8-pin,"1x HDMI 2.1, 3x DisplayPort 1.4a"
NVIDIA,3050 8 GB GA107,GeForce RTX 3050 8 GB GA107,GeForce 30,1552.0,1777.0,Ampere,8.0,2022-12-16,PCIe 4.0 x8,1750.0,8.0,GDDR6,2560,80,32,20,80,20,128.0,2.0,115.0,242.0,112.0,Dual-slot,300.0,1x 6-pin,"1x HDMI 2.1, 3x DisplayPort 1.4a"
NVIDIA,3050 MAX Q REFRESH 4 GB,GeForce RTX 3050 Max-Q Refresh 4 GB,GeForce 30 Mobile,757.0,1125.0,Ampere,8.0,2022-07-06,PCIe 4.0 x8,1375.0,4.0,GDDR6,2048,64,32,16,64,16,128.0,2.0,35.0,,,IGP,,,
NVIDIA,3050 MAX Q REFRESH 6 GB,GeForce RTX 3050 Max-Q Refresh 6 GB,GeForce 30 Mobile,622.0,990.0,Ampere,8.0,2022-07-06,PCIe 4.0 x8,1375.0,6.0,GDDR6,2560,80,32,20,80,20,128.0,2.0,35.0,,,IGP,,,
NVIDIA,3050 MOBILE REFRESH 4 GB,GeForce RTX 3050 Mobile Refresh 4 GB,GeForce 30 Mobile,652.0,1207.0,Ampere,8.0,2022-07-06,PCIe 4.0 x8,1750.0,4.0,GDDR6,2560,80,32,20,80,20,128.0,2.0,45.0,,,IGP,,,
NVIDIA,3050 MOBILE REFRESH 6 GB,GeForce RTX 3050 Mobile Refresh 6 GB,GeForce 30 Mobile,1237.0,1492.0,Ampere,8.0,2022-07-06,PCIe 4.0 x8,1750.0,6.0,GDDR6,2560,80,32,20,80,20,128.0,2.0,75.0,,,IGP,,,
NVIDIA,3050 OEM,GeForce RTX 3050 OEM,GeForce 30,1515.0,1755.0,Ampere,8.0,2022-01-04,PCIe 4.0 x8,1750.0,8.0,GDDR6,2304,72,32,18,72,18,128.0,2.0,130.0,242.0,112.0,Dual-slot,300.0,1x 8-pin,"1x HDMI 2.1, 3x DisplayPort 1.4a"
NVIDIA,3060 8 GB,GeForce RTX 3060 8 GB,GeForce 30,1320.0,1777.0,Ampere,8.0,2022-10-12,PCIe 4.0 x16,1875.0,8.0,GDDR6,3584,112,48,28,112,28,128.0,3.0,170.0,242.0,112.0,Dual-slot,450.0,1x 12-pin,"1x HDMI 2.1, 3x DisplayPort 1.4a"
NVIDIA,3060 8 GB GA104,GeForce RTX 3060 8 GB GA104,GeForce 30,1320.0,1777.0,Ampere,8.0,2022-10-01,PCIe 4.0 x16,1875.0,8.0,GDDR6,3584,112,64,28,112,28,128.0,3.0,195.0,242.0,112.0,Dual-slot,450.0,1x 12-pin,"1x HDMI 2.1, 3x DisplayPort 1.4a"
NVIDIA,3060TI GA103,GeForce RTX 3060 Ti GA103,GeForce 30,1410.0,1665.0,Ampere,8.0,2022-02-23,PCIe 4.0 x16,1750.0,8.0,GDDR6,4864,152,80,38,152,38,128.0,4.0,200.0,242.0,112.0,Dual-slot,550.0,1x 12-pin,"1x HDMI 2.1, 3x DisplayPort 1.4a"
NVIDIA,3060TI GDDR6X,GeForce RTX 3060 Ti GDDR6X,GeForce 30,1410.0,1665.0,Ampere,8.0,2022-10-19,PCIe 4.0 x16,1188.0,8.0,GDDR6X,4864,152,80,38,152,38,128.0,4.0,225.0,242.0,112.0,Dual-slot,550.0,1x 12-pin,"1x HDMI 2.1, 3x DisplayPort 1.4a"
NVIDIA,3070TI 8 GB GA102,GeForce RTX 3070 Ti 8 GB GA102,GeForce 30,1575.0,1770.0,Ampere,8.0,2022-10-21,PCIe 4.0 x16,1188.0,8.0,GDDR6X,6144,192,96,48,192,48,128.0,4.0,290.0,267.0,112.0,Dual-slot,600.0,1x 12-pin,"1x HDMI 2.1, 3x DisplayPort 1.4a"
NVIDIA,3070TI MAX Q,GeForce RTX 3070 Ti Max-Q,GeForce 30 Mobile,510.0,1035.0,Ampere,8.0,2022-01-04,PCIe 4.0 x16,1500.0,8.0,GDDR6,5888,184,96,46,184,46,128.0,4.0,80.0,,,,,,
NVIDIA,3070TI MOBILE,GeForce RTX 3070 Ti Mobile,GeForce 30 Mobile,915.0,1410.0,Ampere,8.0,2022-01-04,PCIe 4.0 x16,1750.0,8.0,GDDR6,5888,184,96,46,184,46,128.0,4.0,115.0,,,,,,
NVIDIA,3070TIM,GeForce RTX 3070 TiM,GeForce 30,915.0,1410.0,Ampere,8.0,2022-11-01,PCIe 4.0 x16,1750.0,8.0,GDDR6,5888,184,96,46,184,46,128.0,4.0,220.0,270.0,140.0,Triple-slot,550.0,1x 8-pin,"1x HDMI 2.1, 3x DisplayPort 1.4a"
NVIDIA,3080 12 GB,GeForce RTX 3080 12 GB,GeForce 30,1260.0,1710.0,Ampere,8.0,2022-01-11,PCIe 4.0 x16,1188.0,12.0,GDDR6X,8960,280,96,70,280,70,128.0,6.0,350.0,285.0,112.0,Dual-slot,750.0,1x 12-pin,"1x HDMI 2.1, 3x DisplayPort 1.4a"
NVIDIA,3080TI 20 GB,GeForce RTX 3080 Ti 20 GB,GeForce 30,1335.0,1665.0,Ampere,8.0,2022-01-01,PCIe 4.0 x16,1188.0,20.0,GDDR6X,10240,320,112,80,320,80,128.0,6.0,350.0,285.0,112.0,Dual-slot,750.0,1x 12-pin,"1x HDMI 2.1, 3x DisplayPort 1.4a"
NVIDIA,3080TI MAX Q,GeForce RTX 3080 Ti Max-Q,GeForce 30 Mobile,585.0,1125.0,Ampere,8.0,2022-01-25,PCIe 4.0 x16,1500.0,16.0,GDDR6,7424,232,96,58,232,58,128.0,4.0,80.0,,,,,,
NVIDIA,3080TI MOBILE,GeForce RTX 3080 Ti Mobile,GeForce 30 Mobile,810.0,1260.0,Ampere,8.0,2022-01-25,PCIe 4.0 x16,2000.0,16.0,GDDR6,7424,232,96,58,232,58,128.0,4.0,115.0,,,,,,
NVIDIA,3090TI,GeForce RTX 3090 Ti,GeForce 30,1560.0,1860.0,Ampere,8.0,2022-01-27,PCIe 4.0 x16,1313.0,24.0,GDDR6X,10752,336,112,84,336,84,128.0,6.0,450.0,336.0,140.0,Triple-slot,850.0,1x 16-pin,"1x HDMI 2.1, 3x DisplayPort 1.4a"
NVIDIA,4080,GeForce RTX 4080,GeForce 40,2205.0,2505.0,Ada Lovelace,5.0,2022-09-20,PCIe 4.0 x16,1400.0,16.0,GDDR6X,9728,304,112,76,304,76,128.0,64.0,320.0,310.0,140.0,Triple-slot,700.0,1x 16-pin,"1x HDMI 2.1, 3x DisplayPort 1.4a"
NVIDIA,4090,GeForce RTX 4090,GeForce 40,2235.0,2520.0,Ada Lovelace,5.0,2022-09-20,PCIe 4.0 x16,1313.0,24.0,GDDR6X,16384,512,176,128,512,128,128.0,72.0,450.0,304.0,137.0,Triple-slot,850.0,1x 16-pin,"1x HDMI 2.1, 3x DisplayPort 1.4a"
NVIDIA,H100 PCIE 80 GB,H100 PCIe 80 GB,Server Hopper(Hxx),1095.0,1755.0,Hopper,5.0,2022-10-01,PCIe 5.0 x16,1593.0,80.0,HBM2e,14592,456,24,114,456,0,250.0,50.0,350.0,268.0,111.0,Dual-slot,750.0,1x 16-pin,
NVIDIA,H100 SXM5 80 GB,H100 SXM5 80 GB,Server Hopper(Hxx),1590.0,1980.0,Hopper,5.0,2022-10-01,PCIe 5.0 x16,1313.0,80.0,HBM3,16896,528,24,132,528,0,250.0,50.0,700.0,,,SXM Module,1100.0,,
NVIDIA,L40,L40,Server Ada(Lxx),735.0,2490.0,Ada Lovelace,5.0,2022-10-13,PCIe 4.0 x16,2250.0,48.0,GDDR6,18176,568,192,142,568,142,128.0,96.0,300.0,267.0,111.0,Dual-slot,700.0,1x 16-pin,4x DisplayPort 1.4a
NVIDIA,L40 CNX,L40 CNX,Server Ada(Lxx),1005.0,2475.0,Ada Lovelace,5.0,2022-10-13,PCIe 4.0 x16,2250.0,24.0,GDDR6,18176,568,192,142,568,142,128.0,48.0,300.0,267.0,111.0,Dual-slot,700.0,1x 16-pin,"1x HDMI 2.1, 3x DisplayPort 1.4a"
NVIDIA,L40G,L40G,Server Ada(Lxx),1005.0,2475.0,Ada Lovelace,5.0,2022-10-13,PCIe 4.0 x16,2250.0,24.0,GDDR6,18176,568,192,142,568,142,128.0,48.0,300.0,267.0,111.0,Dual-slot,700.0,1x 16-pin,"1x HDMI 2.1, 3x DisplayPort 1.4a"
NVIDIA,L40S,L40S,Server Ada(Lxx),1110.0,2520.0,Ada Lovelace,5.0,2022-10-13,PCIe 4.0 x16,2250.0,48.0,GDDR6,18176,568,192,142,568,142,128.0,48.0,300.0,267.0,111.0,Dual-slot,700.0,1x 16-pin,"1x HDMI 2.1, 3x DisplayPort 1.4a"
NVIDIA,6000 ADA GENERATION,RTX 6000 Ada Generation,Workstation Ada(x000A),915.0,2505.0,Ada Lovelace,5.0,2022-12-03,PCIe 4.0 x16,2500.0,48.0,GDDR6,18176,568,192,142,568,142,128.0,96.0,300.0,267.0,112.0,Dual-slot,700.0,1x 16-pin,4x DisplayPort 1.4a
NVIDIA,A1000 EMBEDDED,RTX A1000 Embedded,Ampere-MW(Ax000),630.0,1140.0,Ampere,8.0,2022-03-30,PCIe 4.0 x8,1750.0,4.0,GDDR6,2048,64,32,16,64,16,128.0,2.0,35.0,,,MXM Module,,,
NVIDIA,A1000 MOBILE,RTX A1000 Mobile,Ampere-MW(Ax000),630.0,1140.0,Ampere,8.0,2022-03-30,PCIe 4.0 x8,1375.0,4.0,GDDR6,2048,64,32,16,64,16,128.0,2.0,60.0,,,IGP,,,
NVIDIA,A1000 MOBILE 6 GB,RTX A1000 Mobile 6 GB,Ampere-MW(Ax000),652.0,1140.0,Ampere,8.0,2022-03-30,PCIe 4.0 x8,1375.0,6.0,GDDR6,2560,80,32,20,80,20,128.0,2.0,60.0,,,IGP,,,
NVIDIA,A2000 EMBEDDED,RTX A2000 Embedded,Ampere-MW(Ax000),607.0,1177.0,Ampere,8.0,2022-03-30,PCIe 4.0 x8,1500.0,4.0,GDDR6,2560,80,32,20,80,20,128.0,2.0,35.0,,,MXM Module,,,
NVIDIA,A3000 MOBILE 12 GB,RTX A3000 Mobile 12 GB,Ampere-MW(Ax000),855.0,1440.0,Ampere,8.0,2022-03-22,PCIe 4.0 x16,1750.0,12.0,GDDR6,4096,128,64,32,128,32,128.0,4.0,115.0,,,,,,
NVIDIA,A4500 EMBEDDED,RTX A4500 Embedded,Ampere-MW(Ax000),510.0,1215.0,Ampere,8.0,2022-03-30,PCIe 4.0 x16,1500.0,16.0,GDDR6,5888,184,96,46,184,46,128.0,4.0,80.0,,,MXM Module,,,
NVIDIA,A4500 MAX Q,RTX A4500 Max-Q,Ampere-MW(Ax000),510.0,1215.0,Ampere,8.0,2022-03-22,PCIe 4.0 x16,1750.0,16.0,GDDR6,5888,184,96,46,184,46,128.0,4.0,80.0,,,,,,
NVIDIA,A4500 MOBILE,RTX A4500 Mobile,Ampere-MW(Ax000),930.0,1500.0,Ampere,8.0,2022-03-22,PCIe 4.0 x16,2000.0,16.0,GDDR6,5888,184,96,46,184,46,128.0,4.0,140.0,,,,,,
NVIDIA,A500 EMBEDDED,RTX A500 Embedded,Ampere-MW(Ax000),435.0,1335.0,Ampere,8.0,2022-03-30,PCIe 4.0 x8,1500.0,4.0,GDDR6,2048,64,32,16,64,16,128.0,2.0,20.0,,,MXM Module,,,
NVIDIA,A500 MOBILE,RTX A500 Mobile,Ampere-MW(Ax000),832.0,1537.0,Ampere,8.0,2022-03-22,PCIe 4.0 x8,1500.0,4.0,GDDR6,2048,64,32,16,64,16,128.0,2.0,30.0,,,IGP,,,
NVIDIA,A5500,RTX A5500,Workstation Ampere(Ax000),1080.0,1665.0,Ampere,8.0,2022-03-22,PCIe 4.0 x16,2000.0,24.0,GDDR6,10240,320,96,80,320,80,128.0,6.0,230.0,267.0,112.0,Dual-slot,550.0,1x 8-pin,4x DisplayPort 1.4a
NVIDIA,A5500 MAX Q,RTX A5500 Max-Q,Ampere-MW(Ax000),585.0,1260.0,Ampere,8.0,2022-03-22,PCIe 4.0 x16,1750.0,16.0,GDDR6,7424,232,96,58,232,58,128.0,4.0,80.0,,,,,,
NVIDIA,A5500 MOBILE,RTX A5500 Mobile,Ampere-MW(Ax000),975.0,1500.0,Ampere,8.0,2022-03-22,PCIe 4.0 x16,2000.0,16.0,GDDR6,7424,232,96,58,232,58,128.0,4.0,165.0,,,,,,
NVIDIA,T550 MOBILE,T550 Mobile,Quadro Turing-M(Tx000),1065.0,1665.0,Turing,12.0,2022-05-01,PCIe 3.0 x16,1500.0,4.0,GDDR6,1024,64,32,16,0,0,64.0,1.0,23.0,,,IGP,,,
AMD,PLAYSTATION 5 GPU,Playstation 5 GPU,Console GPU(Sony),2233.0,2233.0,RDNA 2.0,6.0,2022-09-28,,1750.0,16.0,GDDR6,2304,144,64,0,0,0,0.0,4.0,180.0,390.0,260.0,,,,"1x HDMI 2.1, 1x USB Type-C"
AMD,610M,Radeon 610M,Navi II IGP(Mendocino Mobile),1500.0,1900.0,RDNA 2.0,6.0,2022-09-20,PCIe 4.0 x8,,0.0,System Shared,128,8,4,0,0,2,128.0,2.0,15.0,,,IGP,,,
AMD,660M,Radeon 660M,Navi II IGP(Rembrandt Mobile),1500.0,1900.0,RDNA 2.0,6.0,2022-01-04,PCIe 4.0 x8,,0.0,System Shared,384,24,16,0,0,6,128.0,2.0,40.0,,,IGP,,,
AMD,680M,Radeon 680M,Navi II IGP(Rembrandt Mobile),2000.0,2200.0,RDNA 2.0,6.0,2022-01-04,PCIe 4.0 x8,,0.0,System Shared,768,48,32,0,0,12,128.0,2.0,50.0,,,IGP,,,
AMD,GRAPHICS 128SP,Radeon Graphics 128SP,Navi II IGP(Raphael),400.0,2200.0,RDNA 2.0,5.0,2022-09-27,PCIe 4.0 x8,,0.0,System Shared,128,8,8,0,0,2,128.0,2.0,15.0,,,IGP,,,
AMD,GRAPHICS 448SP MOBILE,Radeon Graphics 448SP Mobile,Vega II IGP(Cezanne Mobile),300.0,1800.0,GCN 5.1,7.0,2022-01-06,IGP,,0.0,System Shared,448,28,8,0,0,0,0.0,0.0,45.0,,,IGP,,,
AMD,GRAPHICS 512SP MOBILE,Radeon Graphics 512SP Mobile,Vega II IGP(Cezanne Mobile),300.0,2000.0,GCN 5.1,7.0,2022-01-06,IGP,,0.0,System Shared,512,32,8,0,0,0,0.0,0.0,45.0,,,IGP,,,
AMD,PRO W6300,Radeon PRO W6300,Radeon Pro Navi(Navi II Series),1512.0,2040.0,RDNA 2.0,6.0,2022-01-19,PCIe 4.0 x4,2000.0,2.0,GDDR6,768,48,32,0,0,12,128.0,1.0,25.0,,,Single-slot,200.0,,
AMD,PRO W6300M,Radeon Pro W6300M,Radeon Pro Mobile(W6x00M),1512.0,2040.0,RDNA 2.0,6.0,2022-01-19,PCIe 4.0 x4,2000.0,2.0,GDDR6,768,48,32,0,0,12,128.0,1.0,25.0,,,Single-slot,,,
AMD,PRO W6400,Radeon PRO W6400,Radeon Pro Navi(Navi II Series),2039.0,2321.0,RDNA 2.0,6.0,2022-01-19,PCIe 4.0 x4,2000.0,4.0,GDDR6,768,48,32,0,0,12,128.0,1.0,50.0,,,Single-slot,250.0,,2x DisplayPort 1.4a
AMD,RX 6400,Radeon RX 6400,Navi II(RX 6000),1923.0,2321.0,RDNA 2.0,6.0,2022-01-19,PCIe 4.0 x4,2000.0,4.0,GDDR6,768,48,32,0,0,12,128.0,1.0,53.0,,,Single-slot,250.0,,"1x HDMI 2.1, 1x DisplayPort 1.4a"
AMD,RX 6500 XT,Radeon RX 6500 XT,Navi II(RX 6000),2310.0,2815.0,RDNA 2.0,6.0,2022-01-19,PCIe 4.0 x4,2248.0,4.0,GDDR6,1024,64,32,0,0,16,128.0,1.0,107.0,,,Dual-slot,300.0,1x 6-pin,"1x HDMI 2.1, 1x DisplayPort 1.4a"
AMD,RX 6500M,Radeon RX 6500M,Navi Mobile(RX 6000M),2000.0,2400.0,RDNA 2.0,6.0,2022-01-04,PCIe 4.0 x4,2250.0,4.0,GDDR6,1024,64,32,0,0,16,128.0,1.0,50.0,,,IGP,,,
AMD,RX 6600S,Radeon RX 6600S,Navi Mobile(RX 6000M),1700.0,2000.0,RDNA 2.0,7.0,2022-01-04,PCIe 4.0 x8,1750.0,4.0,GDDR6,1792,112,64,0,0,28,128.0,2.0,80.0,,,IGP,,,
AMD,RX 6650 XT,Radeon RX 6650 XT,Navi II(RX 6000),2055.0,2635.0,RDNA 2.0,7.0,2022-05-10,PCIe 4.0 x8,2190.0,8.0,GDDR6,2048,128,64,0,0,32,128.0,2.0,176.0,,,Dual-slot,450.0,1x 8-pin,"1x HDMI 2.1, 3x DisplayPort 1.4a"
AMD,RX 6650M,Radeon RX 6650M,Navi Mobile(RX 6000M),2068.0,2416.0,RDNA 2.0,7.0,2022-01-04,PCIe 4.0 x8,1750.0,8.0,GDDR6,1792,112,64,0,0,28,128.0,2.0,120.0,,,IGP,,,
AMD,RX 6650M XT,Radeon RX 6650M XT,Navi Mobile(RX 6000M),2068.0,2416.0,RDNA 2.0,7.0,2022-01-04,PCIe 4.0 x8,2000.0,8.0,GDDR6,2048,128,64,0,0,32,128.0,2.0,120.0,,,IGP,,,
AMD,RX 6700S,Radeon RX 6700S,Navi Mobile(RX 6000M),1700.0,2000.0,RDNA 2.0,7.0,2022-01-04,PCIe 4.0 x8,1750.0,8.0,GDDR6,1792,112,64,0,0,28,128.0,2.0,80.0,,,IGP,,,
AMD,RX 6750 XT,Radeon RX 6750 XT,Navi II(RX 6000),2150.0,2600.0,RDNA 2.0,7.0,2022-03-03,PCIe 4.0 x16,2250.0,12.0,GDDR6,2560,160,64,0,0,40,128.0,3.0,250.0,267.0,110.0,Dual-slot,600.0,1x 6-pin + 1x 8-pin,"1x HDMI 2.1, 3x DisplayPort 1.4a"
AMD,RX 6800S,Radeon RX 6800S,Navi Mobile(RX 6000M),1800.0,2100.0,RDNA 2.0,7.0,2022-01-04,PCIe 4.0 x8,2000.0,8.0,GDDR6,2048,128,64,0,0,32,128.0,2.0,100.0,,,IGP,,,
AMD,RX 6850M XT,Radeon RX 6850M XT,Navi Mobile(RX 6000M),2321.0,2581.0,RDNA 2.0,7.0,2022-01-04,PCIe 4.0 x16,2250.0,12.0,GDDR6,2560,160,64,0,0,40,128.0,3.0,165.0,,,IGP,,,
AMD,RX 6950 XT,Radeon RX 6950 XT,Navi II(RX 6000),1860.0,2310.0,RDNA 2.0,7.0,2022-05-10,PCIe 4.0 x16,2250.0,16.0,GDDR6,5120,320,128,0,0,80,128.0,4.0,335.0,267.0,120.0,Triple-slot,700.0,2x 8-pin,"1x HDMI 2.1, 2x DisplayPort 1.4a"
AMD,RX 7900 XT,Radeon RX 7900 XT,Navi III(RX 7000),1387.0,2394.0,RDNA 3.0,5.0,2022-11-03,PCIe 4.0 x16,2500.0,20.0,GDDR6,5376,336,192,0,0,84,250.0,6.0,300.0,276.0,110.0,Dual-slot,700.0,2x 8-pin,"1x HDMI 2.1a, 2x DisplayPort 2.1, 1x USB Type-C"
AMD,RX 7900 XTX,Radeon RX 7900 XTX,Navi III(RX 7000),1929.0,2498.0,RDNA 3.0,5.0,2022-11-03,PCIe 4.0 x16,2500.0,24.0,GDDR6,6144,384,192,0,0,96,250.0,6.0,355.0,287.0,110.0,Dual-slot,750.0,2x 8-pin,"1x HDMI 2.1a, 2x DisplayPort 2.1, 1x USB Type-C"
AMD,STEAM DECK GPU,Steam Deck GPU,Console GPU(Valve),1000.0,1600.0,RDNA 2.0,7.0,2022-02-25,,1375.0,16.0,LPDDR5,512,32,16,0,0,8,128.0,1.0,15.0,298.0,117.0,,,,1x USB Type-C
Intel,A310,Arc A310,Alchemist(Arc 3),1750.0,1750.0,Generation 12.7,6.0,2022-10-12,PCIe 4.0 x8,1937.0,4.0,GDDR6,768,32,16,0,0,6,0.0,4.0,30.0,,,Single-slot,200.0,,4x mini-DisplayPort 2.0
Intel,A350,Arc A350,Alchemist(Arc 3),2000.0,2000.0,Generation 12.7,6.0,2022-01-01,PCIe 4.0 x8,1937.0,4.0,GDDR6,768,48,24,0,0,6,0.0,4.0,25.0,,,Single-slot,200.0,,
Intel,A350M,Arc A350M,Alchemist(Arc 3 Mobile),1150.0,2200.0,Generation 12.7,6.0,2022-03-30,PCIe 4.0 x8,1750.0,4.0,GDDR6,768,48,24,0,0,6,0.0,4.0,25.0,,,IGP,,,
Intel,A370M,Arc A370M,Alchemist(Arc 3 Mobile),1550.0,2050.0,Generation 12.7,6.0,2022-03-30,PCIe 4.0 x8,1750.0,4.0,GDDR6,1024,64,32,0,0,8,0.0,4.0,35.0,,,IGP,,,
Intel,A380,Arc A380,Alchemist(Arc 3),2000.0,2050.0,Generation 12.7,6.0,2022-06-14,PCIe 4.0 x8,1937.0,6.0,GDDR6,1024,64,32,0,0,8,0.0,4.0,75.0,222.0,114.0,Dual-slot,250.0,1x 8-pin,"1x HDMI 2.1, 3x DisplayPort 2.0"
Intel,A550M,Arc A550M,Alchemist(Arc 5 Mobile),900.0,2050.0,Generation 12.7,6.0,2022-01-01,PCIe 4.0 x16,1750.0,8.0,GDDR6,2048,128,64,0,0,16,0.0,8.0,60.0,,,IGP,,,
Intel,A730M,Arc A730M,Alchemist(Arc 7 Mobile),1100.0,2050.0,Generation 12.7,6.0,2022-01-01,PCIe 4.0 x16,1750.0,12.0,GDDR6,3072,192,96,0,0,24,0.0,12.0,80.0,,,IGP,,,
Intel,A750,Arc A750,Alchemist(Arc 7),2050.0,2400.0,Generation 12.7,6.0,2022-10-12,PCIe 4.0 x16,2000.0,8.0,GDDR6,3584,224,112,0,0,28,0.0,16.0,225.0,,,Dual-slot,550.0,1x 6-pin + 1x 8-pin,"1x HDMI 2.1, 3x DisplayPort 2.0"
Intel,A770,Arc A770,Alchemist(Arc 7),2100.0,2400.0,Generation 12.7,6.0,2022-10-12,PCIe 4.0 x16,2000.0,16.0,GDDR6,4096,256,128,0,0,32,0.0,16.0,225.0,,,Dual-slot,550.0,1x 6-pin + 1x 8-pin,"1x HDMI 2.1, 3x DisplayPort 2.0"
Intel,A770M,Arc A770M,Alchemist(Arc 7 Mobile),1650.0,2050.0,Generation 12.7,6.0,2022-01-01,PCIe 4.0 x16,2000.0,16.0,GDDR6,4096,256,128,0,0,32,0.0,16.0,120.0,,,IGP,,,
Intel,PRO A30M,Arc Pro A30M,Alchemist(Pro-Series Mobile),1500.0,2000.0,Generation 12.7,6.0,2022-08-08,PCIe 4.0 x8,2000.0,4.0,GDDR6,1024,64,32,0,0,8,0.0,4.0,50.0,,,,,,
Intel,PRO A40,Arc Pro A40,Alchemist(Pro Series),1500.0,1700.0,Generation 12.7,6.0,2022-08-08,PCIe 4.0 x8,2000.0,6.0,GDDR6,1024,64,32,0,0,8,0.0,4.0,50.0,,,Single-slot,250.0,,4x mini-DisplayPort 2.0
Intel,PRO A50,Arc Pro A50,Alchemist(Pro Series),2000.0,2350.0,Generation 12.7,6.0,2022-08-08,PCIe 4.0 x8,2000.0,6.0,GDDR6,1024,64,32,0,0,8,0.0,4.0,75.0,,,Dual-slot,250.0,,4x mini-DisplayPort 2.0
Intel,TIC SOUND M,Arctic Sound-M,Data Center GPU(Arctic Sound),900.0,900.0,Generation 12.5,10.0,2022-01-01,PCIe 4.0 x16,1200.0,16.0,HBM2e,8192,256,128,0,0,0,0.0,8.0,500.0,267.0,,Single-slot,900.0,8-pin EPS,
Intel,DATA CENTER GPU FLEX 140,Data Center GPU Flex 140,Data Center GPU(Arctic Sound),1600.0,1950.0,Generation 12.7,6.0,2022-08-24,PCIe 4.0 x8,1937.0,6.0,GDDR6,1024,64,32,0,0,8,0.0,4.0,75.0,170.0,70.0,Single-slot,250.0,1x 8-pin,"1x HDMI 2.1, 3x DisplayPort 2.0"
Intel,DATA CENTER GPU FLEX 170,Data Center GPU Flex 170,Data Center GPU(Arctic Sound),1950.0,2050.0,Generation 12.7,6.0,2022-08-24,PCIe 4.0 x16,2000.0,16.0,GDDR6,4096,256,128,0,0,32,0.0,16.0,150.0,,,Dual-slot,450.0,1x 8-pin,"1x HDMI 2.1, 3x DisplayPort 2.0"
Intel,IRIS XE GRAPHICS 80EU MOBILE,Iris Xe Graphics 80EU Mobile,HD Graphics-M(Alder Lake),300.0,1200.0,Generation 12.2,10.0,2022-01-04,Ring Bus,,0.0,System Shared,640,40,20,0,0,0,0.0,1.0,45.0,,,IGP,,,
Intel,IRIS XE GRAPHICS 96EU MOBILE,Iris Xe Graphics 96EU Mobile,HD Graphics-M(Alder Lake),300.0,1400.0,Generation 12.2,10.0,2022-01-04,Ring Bus,,0.0,System Shared,768,48,24,0,0,0,0.0,1.0,45.0,,,IGP,,,
Intel,UHD GRAPHICS 16EU MOBILE,UHD Graphics 16EU Mobile,HD Graphics-M(Alder Lake),300.0,1200.0,Generation 12.2,10.0,2022-01-04,Ring Bus,,0.0,System Shared,128,8,4,0,0,0,0.0,1.0,15.0,,,IGP,,,
Intel,UHD GRAPHICS 24EU MOBILE,UHD Graphics 24EU Mobile,HD Graphics-M(Alder Lake),300.0,1200.0,Generation 12.2,10.0,2022-01-04,Ring Bus,,0.0,System Shared,192,12,6,0,0,0,0.0,1.0,15.0,,,IGP,,,
Intel,UHD GRAPHICS 48EU MOBILE,UHD Graphics 48EU Mobile,HD Graphics-M(Alder Lake),300.0,1150.0,Generation 12.2,10.0,2022-01-04,Ring Bus,,0.0,System Shared,384,24,12,0,0,0,0.0,1.0,45.0,,,IGP,,,
Intel,UHD GRAPHICS 64EU MOBILE,UHD Graphics 64EU Mobile,HD Graphics-M(Alder Lake),300.0,1400.0,Generation 12.2,10.0,2022-01-04,Ring Bus,,0.0,System Shared,512,32,16,0,0,0,0.0,1.0,45.0,,,IGP,,,
Intel,UHD GRAPHICS 710,UHD Graphics 710,HD Graphics(Alder Lake),300.0,1300.0,Generation 12.2,10.0,2022-01-04,Ring Bus,,0.0,System Shared,128,8,8,0,0,0,0.0,0.0,15.0,,,IGP,,,
Intel,UHD GRAPHICS 730,UHD Graphics 730,HD Graphics(Alder Lake),300.0,1400.0,Generation 12.2,10.0,2022-01-04,Ring Bus,,0.0,System Shared,192,12,8,0,0,0,0.0,0.0,15.0,,,IGP,,,
Intel,UHD GRAPHICS 770,UHD Graphics 770,HD Graphics(Raptor Lake),300.0,1550.0,Generation 12.2,10.0,2022-09-27,Ring Bus,,0.0,System Shared,256,16,8,0,0,0,0.0,0.0,15.0,,,IGP,,,
Intel,UHD GRAPHICS 770 MOBILE,UHD Graphics 770 Mobile,HD Graphics-M(Alder Lake),300.0,1500.0,Generation 12.2,10.0,2022-01-04,Ring Bus,,0.0,System Shared,256,16,8,0,0,0,0.0,1.0,45.0,,,IGP,,,
NVIDIA,4050 MAX Q,GeForce RTX 4050 Max-Q,GeForce 40 Mobile,1140.0,1605.0,Ada Lovelace,5.0,2023-01-03,PCIe 4.0 x8,2000.0,6.0,GDDR6,2560,80,48,20,80,20,128.0,12.0,35.0,,,IGP,,,
NVIDIA,4050 MOBILE,GeForce RTX 4050 Mobile,GeForce 40 Mobile,1455.0,1755.0,Ada Lovelace,5.0,2023-01-03,PCIe 4.0 x8,2000.0,6.0,GDDR6,2560,80,48,20,80,20,128.0,12.0,50.0,,,IGP,,,
NVIDIA,4060,GeForce RTX 4060,GeForce 40,1830.0,2460.0,Ada Lovelace,5.0,2023-05-18,PCIe 4.0 x8,2125.0,8.0,GDDR6,3072,96,48,24,96,24,128.0,24.0,115.0,240.0,111.0,Dual-slot,300.0,1x 12-pin,"1x HDMI 2.1, 3x DisplayPort 1.4a"
NVIDIA,4060 MAX Q,GeForce RTX 4060 Max-Q,GeForce 40 Mobile,1140.0,1470.0,Ada Lovelace,5.0,2023-01-03,PCIe 4.0 x8,2000.0,8.0,GDDR6,3072,96,48,24,96,24,128.0,32.0,35.0,,,IGP,,,
NVIDIA,4060 MOBILE,GeForce RTX 4060 Mobile,GeForce 40 Mobile,1545.0,1890.0,Ada Lovelace,5.0,2023-01-03,PCIe 4.0 x8,2000.0,8.0,GDDR6,3072,96,48,24,96,24,128.0,32.0,115.0,,,IGP,,,
NVIDIA,4060TI 16 GB,GeForce RTX 4060 Ti 16 GB,GeForce 40,2310.0,2535.0,Ada Lovelace,5.0,2023-05-18,PCIe 4.0 x8,2250.0,16.0,GDDR6,4352,136,48,34,136,34,128.0,32.0,165.0,240.0,111.0,Dual-slot,450.0,1x 16-pin,"1x HDMI 2.1, 3x DisplayPort 1.4a"
NVIDIA,4060TI 8 GB,GeForce RTX 4060 Ti 8 GB,GeForce 40,2310.0,2535.0,Ada Lovelace,5.0,2023-05-18,PCIe 4.0 x8,2250.0,8.0,GDDR6,4352,136,48,34,136,34,128.0,32.0,160.0,240.0,111.0,Dual-slot,450.0,1x 16-pin,"1x HDMI 2.1, 3x DisplayPort 1.4a"
NVIDIA,4070,GeForce RTX 4070,GeForce 40,1920.0,2475.0,Ada Lovelace,5.0,2023-04-12,PCIe 4.0 x16,1313.0,12.0,GDDR6X,5888,184,64,46,184,46,128.0,36.0,200.0,240.0,110.0,Dual-slot,550.0,1x 16-pin,"1x HDMI 2.1, 3x DisplayPort 1.4a"
NVIDIA,4070 MAX Q,GeForce RTX 4070 Max-Q,GeForce 40 Mobile,735.0,1230.0,Ada Lovelace,5.0,2023-01-03,PCIe 4.0 x8,2000.0,8.0,GDDR6,4608,144,48,36,144,36,128.0,32.0,35.0,,,IGP,,,
NVIDIA,4070 MOBILE,GeForce RTX 4070 Mobile,GeForce 40 Mobile,1395.0,1695.0,Ada Lovelace,5.0,2023-01-03,PCIe 4.0 x8,2000.0,8.0,GDDR6,4608,144,48,36,144,36,128.0,32.0,115.0,,,IGP,,,
NVIDIA,4070TI,GeForce RTX 4070 Ti,GeForce 40,2310.0,2610.0,Ada Lovelace,5.0,2023-01-03,PCIe 4.0 x16,1313.0,12.0,GDDR6X,7680,240,80,60,240,60,128.0,48.0,285.0,285.0,112.0,Dual-slot,600.0,1x 16-pin,"1x HDMI 2.1, 3x DisplayPort 1.4a"
NVIDIA,4080 MAX Q,GeForce RTX 4080 Max-Q,GeForce 40 Mobile,795.0,1350.0,Ada Lovelace,5.0,2023-01-03,PCIe 4.0 x16,2250.0,12.0,GDDR6,7424,232,80,58,232,58,128.0,48.0,60.0,,,IGP,,,
NVIDIA,4080 MOBILE,GeForce RTX 4080 Mobile,GeForce 40 Mobile,1290.0,1665.0,Ada Lovelace,5.0,2023-01-03,PCIe 4.0 x16,2250.0,12.0,GDDR6,7424,232,80,58,232,58,128.0,48.0,110.0,,,IGP,,,
NVIDIA,4090 D,GeForce RTX 4090 D,GeForce 40,2280.0,2520.0,Ada Lovelace,5.0,2023-12-28,PCIe 4.0 x16,1313.0,24.0,GDDR6X,14592,456,176,114,456,114,128.0,72.0,425.0,304.0,137.0,Triple-slot,800.0,1x 16-pin,"1x HDMI 2.1, 3x DisplayPort 1.4a"
NVIDIA,4090 MAX Q,GeForce RTX 4090 Max-Q,GeForce 40 Mobile,930.0,1455.0,Ada Lovelace,5.0,2023-01-03,PCIe 4.0 x16,2250.0,16.0,GDDR6,9728,304,112,76,304,76,128.0,64.0,80.0,,,IGP,,,
NVIDIA,4090 MOBILE,GeForce RTX 4090 Mobile,GeForce 40 Mobile,1335.0,1695.0,Ada Lovelace,5.0,2023-01-03,PCIe 4.0 x16,2250.0,16.0,GDDR6,9728,304,112,76,304,76,128.0,64.0,120.0,,,IGP,,,
NVIDIA,H100 CNX,H100 CNX,Server Hopper(Hxx),690.0,1845.0,Hopper,5.0,2023-03-21,PCIe 5.0 x16,1593.0,80.0,HBM2e,14592,456,24,114,456,0,250.0,50.0,350.0,267.0,111.0,Dual-slot,750.0,8-pin EPS,
NVIDIA,H100 NVL 94 GB,H100 NVL 94 GB,Server Hopper(Hxx),1080.0,1785.0,Hopper,5.0,2023-03-21,PCIe 5.0 x16,1310.0,94.0,HBM3,16896,528,24,132,528,0,250.0,50.0,400.0,267.0,111.0,Dual-slot,800.0,8-pin EPS,
NVIDIA,H100 PCIE 96 GB,H100 PCIe 96 GB,Server Hopper(Hxx),1665.0,1837.0,Hopper,5.0,2023-03-21,PCIe 5.0 x16,1313.0,96.0,HBM3,16896,528,24,132,528,0,250.0,50.0,700.0,268.0,111.0,Dual-slot,1100.0,8-pin EPS,
NVIDIA,H100 SXM5 64 GB,H100 SXM5 64 GB,Server Hopper(Hxx),1665.0,1980.0,Hopper,5.0,2023-03-21,PCIe 5.0 x16,1313.0,64.0,HBM3,16896,528,24,132,528,0,250.0,30.0,700.0,,,SXM Module,1100.0,8-pin EPS,
NVIDIA,H100 SXM5 94 GB,H100 SXM5 94 GB,Server Hopper(Hxx),1350.0,1980.0,Hopper,5.0,2023-03-21,PCIe 5.0 x16,1313.0,94.0,HBM3,16896,528,24,132,528,0,250.0,50.0,700.0,,,SXM Module,1100.0,8-pin EPS,
NVIDIA,H100 SXM5 96 GB,H100 SXM5 96 GB,Server Hopper(Hxx),1350.0,1980.0,Hopper,5.0,2023-03-21,PCIe 5.0 x16,1313.0,96.0,HBM3,16896,528,24,132,528,0,250.0,50.0,700.0,,,SXM Module,1100.0,8-pin EPS,
NVIDIA,H800 PCIE 80 GB,H800 PCIe 80 GB,Server Hopper(Hxx),1095.0,1755.0,Hopper,5.0,2023-03-21,PCIe 5.0 x16,1593.0,80.0,HBM2e,14592,456,24,114,456,0,250.0,50.0,350.0,268.0,111.0,Dual-slot,750.0,1x 16-pin,
NVIDIA,H800 SXM5,H800 SXM5,Server Hopper(Hxx),1095.0,1755.0,Hopper,5.0,2023-03-21,PCIe 5.0 x16,1313.0,80.0,HBM3,16896,528,24,132,528,0,250.0,50.0,700.0,,,SXM Module,1100.0,8-pin EPS,
NVIDIA,JETSON AGX ORIN 32 GB,Jetson AGX Orin 32 GB,Tegra(Ampere),930.0,930.0,Ampere,8.0,2023-02-01,PCIe 4.0 x4,800.0,32.0,LPDDR5,1792,56,24,14,56,0,128.0,0.25,40.0,100.0,87.0,IGP,,,
NVIDIA,JETSON AGX ORIN 64 GB,Jetson AGX Orin 64 GB,Tegra(Ampere),1300.0,1300.0,Ampere,8.0,2023-03-01,PCIe 4.0 x4,800.0,64.0,LPDDR5,2048,64,32,16,64,0,128.0,0.25,60.0,100.0,87.0,IGP,,,
NVIDIA,JETSON ORIN NANO 4 GB,Jetson Orin Nano 4 GB,Tegra(Ampere),625.0,625.0,Ampere,8.0,2023-03-01,PCIe 4.0 x4,533.0,4.0,LPDDR5,512,16,8,4,16,0,128.0,0.25,10.0,70.0,45.0,IGP,,,
NVIDIA,JETSON ORIN NANO 8 GB,Jetson Orin Nano 8 GB,Tegra(Ampere),625.0,625.0,Ampere,8.0,2023-03-01,PCIe 4.0 x4,533.0,8.0,LPDDR5,1024,32,16,8,32,0,128.0,0.25,15.0,70.0,45.0,IGP,,,
NVIDIA,JETSON ORIN NX 16 GB,Jetson Orin NX 16 GB,Tegra(Ampere),918.0,918.0,Ampere,8.0,2023-02-01,PCIe 4.0 x4,800.0,16.0,LPDDR5,1024,32,16,8,32,0,128.0,0.25,25.0,70.0,45.0,IGP,,,
NVIDIA,JETSON ORIN NX 8 GB,Jetson Orin NX 8 GB,Tegra(Ampere),765.0,765.0,Ampere,8.0,2023-03-01,PCIe 4.0 x4,800.0,8.0,LPDDR5,1024,32,16,8,32,0,128.0,0.25,20.0,70.0,45.0,IGP,,,
NVIDIA,L20,L20,Server Ada(Lxx),1440.0,2520.0,Ada Lovelace,5.0,2023-11-16,PCIe 4.0 x16,2250.0,48.0,GDDR6,11776,368,128,92,368,92,128.0,96.0,275.0,267.0,111.0,Dual-slot,600.0,1x 16-pin,4x DisplayPort 1.4a
NVIDIA,L4,L4,Server Ada(Lxx),795.0,2040.0,Ada Lovelace,5.0,2023-03-21,PCIe 4.0 x16,1563.0,24.0,GDDR6,7424,240,80,60,240,60,128.0,48.0,72.0,169.0,56.0,Single-slot,250.0,,
NVIDIA,2000 EMBEDDED ADA GENERATION,RTX 2000 Embedded Ada Generation,Ada-MW(x000A),1530.0,2010.0,Ada Lovelace,5.0,2023-03-21,PCIe 4.0 x16,2000.0,8.0,GDDR6,3072,96,48,24,96,24,128.0,12.0,50.0,,,IGP,,,
NVIDIA,2000 MAX Q ADA GENERATION,RTX 2000 Max-Q Ada Generation,Ada-MW(x000A),930.0,1455.0,Ada Lovelace,5.0,2023-03-21,PCIe 4.0 x16,2000.0,8.0,GDDR6,3072,96,48,24,96,24,128.0,12.0,35.0,,,IGP,,,
NVIDIA,2000 MOBILE ADA GENERATION,RTX 2000 Mobile Ada Generation,Ada-MW(x000A),1635.0,2115.0,Ada Lovelace,5.0,2023-03-21,PCIe 4.0 x16,2000.0,8.0,GDDR6,3072,96,48,24,96,24,128.0,12.0,50.0,,,IGP,,,
NVIDIA,3000 MOBILE ADA GENERATION,RTX 3000 Mobile Ada Generation,Ada-MW(x000A),1395.0,1695.0,Ada Lovelace,5.0,2023-03-21,PCIe 4.0 x16,2000.0,8.0,GDDR6,4608,144,48,36,144,36,128.0,32.0,115.0,,,IGP,,,
NVIDIA,3500 EMBEDDED ADA GENERATION,RTX 3500 Embedded Ada Generation,Ada-MW(x000A),1725.0,2250.0,Ada Lovelace,5.0,2023-03-21,PCIe 4.0 x16,2250.0,12.0,GDDR6,5120,160,64,40,160,40,128.0,48.0,100.0,,,IGP,300.0,,
NVIDIA,3500 MOBILE ADA GENERATION,RTX 3500 Mobile Ada Generation,Ada-MW(x000A),1110.0,1545.0,Ada Lovelace,5.0,2023-03-21,PCIe 4.0 x16,2250.0,12.0,GDDR6,5120,160,64,40,160,40,128.0,48.0,100.0,,,IGP,,,
NVIDIA,4000 ADA GENERATION,RTX 4000 Ada Generation,Workstation Ada(x000A),1500.0,2175.0,Ada Lovelace,5.0,2023-08-09,PCIe 4.0 x16,2250.0,20.0,GDDR6,6144,192,64,48,192,48,128.0,48.0,130.0,245.0,112.0,Single-slot,300.0,1x 16-pin,4x DisplayPort 1.4a
NVIDIA,4000 MOBILE ADA GENERATION,RTX 4000 Mobile Ada Generation,Ada-MW(x000A),1290.0,1665.0,Ada Lovelace,5.0,2023-03-21,PCIe 4.0 x16,2250.0,12.0,GDDR6,7424,232,80,58,232,58,128.0,48.0,110.0,,,IGP,,,
NVIDIA,4000 SFF ADA GENERATION,RTX 4000 SFF Ada Generation,Workstation Ada(x000A),720.0,1560.0,Ada Lovelace,5.0,2023-03-21,PCIe 4.0 x16,1750.0,20.0,GDDR6,6144,192,64,48,192,48,128.0,48.0,70.0,168.0,69.0,Dual-slot,250.0,,4x mini-DisplayPort 1.4a
NVIDIA,4500 ADA GENERATION,RTX 4500 Ada Generation,Workstation Ada(x000A),2070.0,2580.0,Ada Lovelace,5.0,2023-08-09,PCIe 4.0 x16,2250.0,24.0,GDDR6,7680,240,80,60,240,60,128.0,48.0,210.0,245.0,112.0,Dual-slot,550.0,,4x DisplayPort 1.4a
NVIDIA,5000 ADA GENERATION,RTX 5000 Ada Generation,Workstation Ada(x000A),1155.0,2550.0,Ada Lovelace,5.0,2023-08-09,PCIe 4.0 x16,2250.0,32.0,GDDR6,12800,400,176,100,400,100,128.0,72.0,250.0,267.0,112.0,Dual-slot,600.0,1x 16-pin,4x DisplayPort 1.4a
NVIDIA,5000 EMBEDDED ADA GENERATION,RTX 5000 Embedded Ada Generation,Ada-MW(x000A),930.0,1680.0,Ada Lovelace,5.0,2023-03-21,PCIe 4.0 x16,2250.0,16.0,GDDR6,9728,304,112,76,304,76,128.0,64.0,120.0,,,IGP,,,
NVIDIA,5000 EMBEDDED ADA GENERATION X2,RTX 5000 Embedded Ada Generation X2,Ada-MW(x000A),930.0,1680.0,Ada Lovelace,5.0,2023-03-21,PCIe 4.0 x16,2250.0,16.0,GDDR6,9728,304,112,76,304,76,128.0,64.0,150.0,,,IGP,,,
NVIDIA,5000 MAX Q ADA GENERATION,RTX 5000 Max-Q Ada Generation,Ada-MW(x000A),930.0,1680.0,Ada Lovelace,5.0,2023-03-21,PCIe 4.0 x16,2250.0,16.0,GDDR6,9728,304,112,76,304,76,128.0,64.0,120.0,,,IGP,,,
NVIDIA,5000 MOBILE ADA GENERATION,RTX 5000 Mobile Ada Generation,Ada-MW(x000A),1425.0,2115.0,Ada Lovelace,5.0,2023-03-21,PCIe 4.0 x16,2250.0,16.0,GDDR6,9728,304,112,76,304,76,128.0,64.0,120.0,,,IGP,,,
AMD,610M,Radeon 610M,Navi II IGP(Dragon Range-M),400.0,2200.0,RDNA 2.0,5.0,2023-01-03,PCIe 4.0 x8,,0.0,System Shared,128,8,4,0,0,2,128.0,2.0,15.0,,,IGP,,,
AMD,660M,Radeon 660M,Navi II IGP(Rembrandt Mobile),1500.0,1900.0,RDNA 2.0,6.0,2023-01-03,PCIe 4.0 x8,,0.0,System Shared,384,24,16,0,0,6,128.0,2.0,40.0,,,IGP,,,
AMD,680M,Radeon 680M,Navi II IGP(Rembrandt Mobile),2000.0,2200.0,RDNA 2.0,6.0,2023-01-03,PCIe 4.0 x8,,0.0,System Shared,768,48,32,0,0,12,128.0,2.0,50.0,,,IGP,,,
AMD,740M,Radeon 740M,Navi III IGP(Hawx Point Mobile),800.0,2800.0,RDNA 3.0,4.0,2023-12-06,PCIe 4.0 x8,,0.0,System Shared,256,16,8,0,0,4,128.0,2.0,15.0,,,IGP,,,
AMD,740M,Radeon 740M,Navi III IGP(Phoenix Mobile),800.0,2500.0,RDNA 3.0,4.0,2023-01-04,PCIe 4.0 x8,,0.0,System Shared,256,16,8,0,0,4,128.0,2.0,15.0,,,IGP,,,
AMD,760M,Radeon 760M,Navi III IGP(Hawx Point Mobile),800.0,2599.0,RDNA 3.0,4.0,2023-12-06,PCIe 4.0 x8,,0.0,System Shared,512,32,16,0,0,8,128.0,2.0,15.0,,,IGP,,,
AMD,760M,Radeon 760M,Navi III IGP(Phoenix Mobile),800.0,2599.0,RDNA 3.0,4.0,2023-01-04,PCIe 4.0 x8,,0.0,System Shared,512,32,16,0,0,8,128.0,2.0,15.0,,,IGP,,,
AMD,780M,Radeon 780M,Navi III IGP(Hawx Point Mobile),800.0,2700.0,RDNA 3.0,4.0,2023-12-06,PCIe 4.0 x8,,0.0,System Shared,768,48,32,0,0,12,128.0,2.0,15.0,,,IGP,,,
AMD,780M,Radeon 780M,Navi III IGP(Phoenix Mobile),800.0,2700.0,RDNA 3.0,4.0,2023-01-04,PCIe 4.0 x8,,0.0,System Shared,768,48,32,0,0,12,128.0,2.0,15.0,,,IGP,,,
AMD,INSTINCT MI300,Radeon Instinct MI300,Radeon Instinct(MIx),1000.0,1700.0,CDNA 3.0,5.0,2023-01-04,PCIe 5.0 x16,1600.0,128.0,HBM3,14080,880,0,0,0,0,16.0,16.0,600.0,267.0,111.0,,1000.0,2x 8-pin,
AMD,INSTINCT MI300A,Radeon Instinct MI300A,Radeon Instinct(MIx),1000.0,2100.0,CDNA 3.0,5.0,2023-12-06,PCIe 5.0 x16,2525.0,192.0,HBM3,19456,1216,0,0,0,0,16.0,16.0,750.0,,,OAM Module,1150.0,,
AMD,INSTINCT MI300X,Radeon Instinct MI300X,Radeon Instinct(MIx),1000.0,2100.0,CDNA 3.0,5.0,2023-12-06,PCIe 5.0 x16,2525.0,192.0,HBM3,19456,1216,0,0,0,0,16.0,16.0,750.0,,,OAM Module,1150.0,,
AMD,INSTINCT MI308X,Radeon Instinct MI308X,Radeon Instinct(MIx),1000.0,2100.0,CDNA 3.0,5.0,2023-12-06,PCIe 5.0 x16,2525.0,192.0,HBM3,19456,1216,0,0,0,0,16.0,16.0,750.0,,,OAM Module,1150.0,,
AMD,PRO W7500,Radeon PRO W7500,Radeon Pro Navi(Navi III Series),1500.0,1700.0,RDNA 3.0,6.0,2023-08-03,PCIe 4.0 x8,2000.0,8.0,GDDR6,1792,112,64,0,0,28,128.0,2.0,70.0,216.0,115.0,Single-slot,250.0,,4x DisplayPort 2.1
AMD,PRO W7600,Radeon PRO W7600,Radeon Pro Navi(Navi III Series),1720.0,2440.0,RDNA 3.0,6.0,2023-08-03,PCIe 4.0 x8,2250.0,8.0,GDDR6,2048,128,64,0,0,32,128.0,2.0,130.0,241.0,115.0,Single-slot,300.0,1x 6-pin,4x DisplayPort 2.1
AMD,PRO W7700,Radeon PRO W7700,Radeon Pro Navi(Navi III Series),1900.0,2600.0,RDNA 3.0,5.0,2023-11-13,PCIe 4.0 x16,2250.0,16.0,GDDR6,3072,192,96,0,0,48,128.0,2.0,190.0,241.0,111.0,Dual-slot,450.0,1x 8-pin,4x DisplayPort 2.1
AMD,PRO W7800,Radeon PRO W7800,Radeon Pro Navi(Navi III Series),1895.0,2525.0,RDNA 3.0,5.0,2023-04-13,PCIe 4.0 x16,2250.0,32.0,GDDR6,4480,280,128,0,0,70,250.0,6.0,260.0,280.0,110.0,Dual-slot,600.0,2x 8-pin,"3x DisplayPort 2.1, 1x mini-DisplayPort 2.1"
AMD,PRO W7800 48 GB,Radeon PRO W7800 48 GB,Radeon Pro Navi(Navi III Series),1895.0,2525.0,RDNA 3.0,5.0,2023-04-13,PCIe 4.0 x16,2250.0,48.0,GDDR6,4480,280,128,0,0,70,250.0,6.0,281.0,280.0,110.0,Dual-slot,600.0,2x 8-pin,"3x DisplayPort 2.1, 1x mini-DisplayPort 2.1"
AMD,PRO W7900,Radeon PRO W7900,Radeon Pro Navi(Navi III Series),1855.0,2495.0,RDNA 3.0,5.0,2023-04-13,PCIe 4.0 x16,2250.0,48.0,GDDR6,6144,384,192,0,0,96,250.0,6.0,295.0,280.0,110.0,Triple-slot,600.0,2x 8-pin,"3x DisplayPort 2.1, 1x mini-DisplayPort 2.1"
AMD,RX 6450M,Radeon RX 6450M,Navi Mobile(RX 6000M),2000.0,2460.0,RDNA 2.0,6.0,2023-01-04,PCIe 4.0 x4,2000.0,4.0,GDDR6,768,48,32,0,0,12,128.0,1.0,50.0,,,IGP,,,
AMD,RX 6550M,Radeon RX 6550M,Navi Mobile(RX 6000M),2000.0,2840.0,RDNA 2.0,6.0,2023-01-04,PCIe 4.0 x4,2250.0,4.0,GDDR6,1024,64,32,0,0,16,128.0,1.0,80.0,,,IGP,,,
AMD,RX 6550S,Radeon RX 6550S,Navi Mobile(RX 6000M),2000.0,2400.0,RDNA 2.0,6.0,2023-01-04,PCIe 4.0 x4,2000.0,4.0,GDDR6,1024,64,32,0,0,16,128.0,1.0,50.0,,,IGP,,,
AMD,RX 6600 LE,Radeon RX 6600 LE,Navi II(RX 6000),1626.0,2495.0,RDNA 2.0,7.0,2023-12-08,PCIe 4.0 x8,1750.0,8.0,GDDR6,1792,112,64,0,0,28,128.0,2.0,132.0,190.0,110.0,Dual-slot,300.0,1x 8-pin,"1x HDMI 2.1, 3x DisplayPort 1.4a"
AMD,RX 6750 GRE 10 GB,Radeon RX 6750 GRE 10 GB,Navi II(RX 6000),1941.0,2450.0,RDNA 2.0,7.0,2023-10-17,PCIe 4.0 x16,2000.0,10.0,GDDR6,2304,144,64,0,0,36,128.0,3.0,170.0,267.0,110.0,Dual-slot,450.0,1x 8-pin,"1x HDMI 2.1, 3x DisplayPort 1.4a"
AMD,RX 6750 GRE 12 GB,Radeon RX 6750 GRE 12 GB,Navi II(RX 6000),2321.0,2581.0,RDNA 2.0,7.0,2023-10-17,PCIe 4.0 x16,2250.0,12.0,GDDR6,2560,160,64,0,0,40,128.0,3.0,250.0,267.0,110.0,Dual-slot,600.0,1x 6-pin + 1x 8-pin,"1x HDMI 2.1, 3x DisplayPort 1.4a"
AMD,RX 7600,Radeon RX 7600,Navi III(RX 7000),1720.0,2655.0,RDNA 3.0,6.0,2023-05-24,PCIe 4.0 x8,2250.0,8.0,GDDR6,2048,128,64,0,0,32,128.0,2.0,165.0,204.0,115.0,Dual-slot,450.0,1x 8-pin,"1x HDMI 2.1a, 3x DisplayPort 2.1"
AMD,RX 7600M,Radeon RX 7600M,Navi Mobile(RX 7000M),1500.0,2410.0,RDNA 3.0,6.0,2023-01-04,PCIe 4.0 x16,2000.0,8.0,GDDR6,1792,112,64,0,0,28,128.0,2.0,90.0,,,IGP,,,
AMD,RX 7600M XT,Radeon RX 7600M XT,Navi Mobile(RX 7000M),1280.0,2469.0,RDNA 3.0,6.0,2023-01-04,PCIe 4.0 x16,2250.0,8.0,GDDR6,2048,128,64,0,0,32,128.0,2.0,120.0,,,IGP,,,
AMD,RX 7600S,Radeon RX 7600S,Navi Mobile(RX 7000M),1500.0,2200.0,RDNA 3.0,6.0,2023-01-04,PCIe 4.0 x16,2000.0,8.0,GDDR6,1792,112,64,0,0,28,128.0,2.0,75.0,,,IGP,,,
AMD,RX 7700 XT,Radeon RX 7700 XT,Navi III(RX 7000),1435.0,2544.0,RDNA 3.0,5.0,2023-08-25,PCIe 4.0 x16,2250.0,12.0,GDDR6,3456,216,96,0,0,54,128.0,2.0,245.0,267.0,135.0,Dual-slot,550.0,2x 8-pin,"1x HDMI 2.1a, 2x DisplayPort 2.1, 1x USB Type-C"
AMD,RX 7700S,Radeon RX 7700S,Navi Mobile(RX 7000M),1500.0,2500.0,RDNA 3.0,6.0,2023-01-04,PCIe 4.0 x16,2250.0,8.0,GDDR6,2048,128,64,0,0,32,128.0,2.0,100.0,,,IGP,,,
AMD,RX 7800 XT,Radeon RX 7800 XT,Navi III(RX 7000),1295.0,2430.0,RDNA 3.0,5.0,2023-08-25,PCIe 4.0 x16,2438.0,16.0,GDDR6,3840,240,96,0,0,60,128.0,4.0,263.0,267.0,111.0,Dual-slot,600.0,2x 8-pin,"1x HDMI 2.1a, 3x DisplayPort 2.1"
AMD,RX 7900 GRE,Radeon RX 7900 GRE,Navi III(RX 7000),1287.0,2245.0,RDNA 3.0,5.0,2023-07-27,PCIe 4.0 x16,2250.0,16.0,GDDR6,5120,320,160,0,0,80,250.0,6.0,260.0,276.0,110.0,Dual-slot,600.0,2x 8-pin,"1x HDMI 2.1a, 2x DisplayPort 2.1, 1x USB Type-C"
AMD,RX 7900M,Radeon RX 7900M,Navi Mobile(RX 7000M),1825.0,2090.0,RDNA 3.0,5.0,2023-10-19,PCIe 4.0 x16,2250.0,16.0,GDDR6,4608,288,192,0,0,72,250.0,6.0,180.0,,,IGP,,,
AMD,RYZEN Z1 EXTREME GPU,Ryzen Z1 Extreme GPU,Console GPU(AMD),800.0,2700.0,RDNA 3.0,4.0,2023-06-13,,800.0,16.0,LPDDR5,768,48,32,0,0,12,128.0,8.0,30.0,280.0,111.0,,,,1x USB Type-C
AMD,RYZEN Z1 GPU,Ryzen Z1 GPU,Console GPU(AMD),1500.0,2500.0,RDNA 3.0,4.0,2023-09-18,,800.0,16.0,LPDDR5,256,16,8,0,0,4,128.0,6.0,30.0,280.0,111.0,,,,
AMD,STEAM DECK OLED GPU,Steam Deck OLED GPU,Console GPU(Valve),1000.0,1600.0,RDNA 2.0,6.0,2023-11-09,,1375.0,16.0,LPDDR5,512,32,16,0,0,8,128.0,1.0,15.0,298.0,117.0,,,,1x USB Type-C
Intel,A380M,Arc A380M,Alchemist(Arc 3 Mobile),1550.0,2000.0,Generation 12.7,6.0,2023-01-24,MXM-A (3.1),1937.0,6.0,GDDR6,1024,64,32,0,0,8,0.0,4.0,35.0,,,MXM Module,,,
Intel,A530M,Arc A530M,Alchemist(Arc 5 Mobile),900.0,1300.0,Generation 12.7,6.0,2023-08-01,PCIe 4.0 x8,1750.0,8.0,GDDR6,1536,96,48,0,0,12,0.0,8.0,65.0,,,IGP,,,
Intel,A570M,Arc A570M,Alchemist(Arc 5 Mobile),900.0,1300.0,Generation 12.7,6.0,2023-08-01,PCIe 4.0 x8,1750.0,8.0,GDDR6,2048,128,64,0,0,16,0.0,8.0,75.0,,,IGP,,,
Intel,A580,Arc A580,Alchemist(Arc 5),1700.0,2000.0,Generation 12.7,6.0,2023-10-10,PCIe 4.0 x16,2000.0,8.0,GDDR6,3072,192,96,0,0,24,0.0,8.0,175.0,,,Dual-slot,450.0,2x 8-pin,"1x HDMI 2.1, 3x DisplayPort 2.0"
Intel,GRAPHICS 112EU MOBILE,Arc Graphics 112EU Mobile,Arc Graphics-M(Meteor Lake),300.0,2200.0,Xe-LPG,10.0,2023-12-14,Ring Bus,,0.0,System Shared,896,56,24,0,0,0,0.0,0.0,65.0,,,IGP,,,
Intel,GRAPHICS 128EU MOBILE,Arc Graphics 128EU Mobile,Arc Graphics-M(Meteor Lake),300.0,2250.0,Xe-LPG,10.0,2023-12-14,Ring Bus,,0.0,System Shared,1024,64,32,0,0,0,0.0,0.0,28.0,,,IGP,,,
Intel,GRAPHICS 48EU MOBILE,Arc Graphics 48EU Mobile,Arc Graphics-M(Meteor Lake),300.0,1800.0,Xe-LPG,10.0,2023-12-14,Ring Bus,,0.0,System Shared,384,24,8,0,0,0,0.0,0.0,28.0,,,IGP,,,
Intel,GRAPHICS 64EU MOBILE,Arc Graphics 64EU Mobile,Arc Graphics-M(Meteor Lake),300.0,1750.0,Xe-LPG,10.0,2023-12-14,Ring Bus,,0.0,System Shared,512,32,16,0,0,0,0.0,0.0,65.0,,,IGP,,,
Intel,PRO A60,Arc Pro A60,Alchemist(Pro Series),900.0,2050.0,Generation 12.7,6.0,2023-06-06,PCIe 4.0 x16,2000.0,12.0,GDDR6,2048,128,64,0,0,16,0.0,12.0,130.0,,,Single-slot,300.0,,4x DisplayPort 2.0
Intel,PRO A60M,Arc Pro A60M,Alchemist(Pro-Series Mobile),900.0,1300.0,Generation 12.7,6.0,2023-06-06,PCIe 4.0 x16,2000.0,8.0,GDDR6,2048,128,64,0,0,16,0.0,8.0,95.0,,,IGP,,,
Intel,DATA CENTER GPU MAX 1100,Data Center GPU Max 1100,Data Center GPU(Ponte Vecchio),1000.0,1550.0,Generation 12.5,10.0,2023-01-10,PCIe 5.0 x16,600.0,48.0,HBM2e,7168,448,0,0,0,56,64.0,204.0,300.0,267.0,,Dual-slot,700.0,1x 12-pin,
Intel,DATA CENTER GPU MAX 1350,Data Center GPU Max 1350,Data Center GPU(Ponte Vecchio),750.0,1550.0,Generation 12.5,10.0,2023-01-10,PCIe 5.0 x16,1200.0,96.0,HBM2e,14336,896,0,0,0,112,64.0,408.0,450.0,,,OAM Module,850.0,,
Intel,DATA CENTER GPU MAX 1550,Data Center GPU Max 1550,Data Center GPU(Ponte Vecchio),900.0,1600.0,Generation 12.5,10.0,2023-01-10,PCIe 5.0 x16,1600.0,128.0,HBM2e,16384,1024,0,0,0,128,64.0,408.0,600.0,,,OAM Module,1000.0,,
Intel,DATA CENTER GPU MAX SUBSYSTEM,Data Center GPU Max Subsystem,Data Center GPU(Ponte Vecchio),900.0,1600.0,Generation 12.5,10.0,2023-01-10,PCIe 5.0 x16,1565.0,128.0,HBM2e,16384,1024,0,0,0,128,64.0,408.0,2400.0,267.0,,Dual-slot,2800.0,1x 16-pin,
Intel,IRIS XE GRAPHICS 80EU MOBILE,Iris Xe Graphics 80EU Mobile,HD Graphics-M(Raptor Lake),300.0,1450.0,Generation 12.2,10.0,2023-01-04,Ring Bus,,0.0,System Shared,640,40,20,0,0,0,0.0,0.0,15.0,,,IGP,,,
Intel,IRIS XE GRAPHICS 96EU MOBILE,Iris Xe Graphics 96EU Mobile,HD Graphics-M(Raptor Lake),300.0,1300.0,Generation 12.2,10.0,2023-01-04,Ring Bus,,0.0,System Shared,768,48,24,0,0,0,0.0,0.0,15.0,,,IGP,,,
Intel,UHD GRAPHICS 64EU MOBILE,UHD Graphics 64EU Mobile,HD Graphics-M(Raptor Lake),300.0,1250.0,Generation 12.2,10.0,2023-01-04,Ring Bus,,0.0,System Shared,512,32,16,0,0,0,0.0,0.0,15.0,,,IGP,,,
Intel,UHD GRAPHICS 710 MOBILE,UHD Graphics 710 Mobile,HD Graphics-M(Raptor Lake),300.0,1200.0,Generation 12.2,10.0,2023-01-04,Ring Bus,,0.0,System Shared,128,8,4,0,0,0,0.0,1.0,15.0,,,IGP,,,
Intel,UHD GRAPHICS 710 MOBILE,UHD Graphics 710 Mobile,HD Graphics-M(Raptor Lake),300.0,1450.0,Generation 12.2,10.0,2023-01-04,Ring Bus,,0.0,System Shared,128,8,4,0,0,0,0.0,1.0,15.0,,,IGP,,,
Intel,UHD GRAPHICS 730,UHD Graphics 730,HD Graphics(Raptor Lake),300.0,1550.0,Generation 12.2,10.0,2023-01-03,Ring Bus,,0.0,System Shared,192,12,6,0,0,0,0.0,0.0,15.0,,,IGP,,,
Intel,UHD GRAPHICS 770 MOBILE,UHD Graphics 770 Mobile,HD Graphics-M(Raptor Lake),300.0,1600.0,Generation 12.2,10.0,2023-01-04,Ring Bus,,0.0,System Shared,256,16,8,0,0,0,0.0,0.0,15.0,,,IGP,,,
NVIDIA,B100,B100,Server Blackwell(Bxx),1665.0,1837.0,Blackwell,5.0,2024-11-01,PCIe 5.0 x16,2000.0,96.0,HBM3e,16896,528,24,132,528,0,250.0,50.0,1000.0,,,SXM Module,1400.0,,
NVIDIA,B200 SXM 192 GB,B200 SXM 192 GB,Server Blackwell(Bxx),1665.0,1837.0,Blackwell,5.0,2024-01-01,PCIe 5.0 x16,2000.0,96.0,HBM3e,16896,528,24,132,528,0,250.0,50.0,1000.0,,,SXM Module,1400.0,,
NVIDIA,3050 6 GB,GeForce RTX 3050 6 GB,GeForce 30,1042.0,1470.0,Ampere,8.0,2024-02-02,PCIe 4.0 x8,1750.0,6.0,GDDR6,2304,72,32,18,72,18,128.0,2.0,70.0,242.0,112.0,Dual-slot,250.0,,"1x HDMI 2.1, 3x DisplayPort 1.4a"
NVIDIA,3050 A MOBILE,GeForce RTX 3050 A Mobile,GeForce 30 Mobile,1065.0,1343.0,Ampere,8.0,2024-01-01,PCIe 4.0 x8,1500.0,4.0,GDDR6,1792,56,32,14,56,14,128.0,2.0,45.0,,,IGP,,,
NVIDIA,4010,GeForce RTX 4010,GeForce 40,1417.0,1762.0,Ampere,8.0,2024-04-16,PCIe 4.0 x8,1500.0,4.0,GDDR6,768,24,16,6,24,6,128.0,2.0,50.0,163.0,69.0,Single-slot,250.0,,4x mini-DisplayPort 1.4a
NVIDIA,4060 AD106,GeForce RTX 4060 AD106,GeForce 40,1830.0,2460.0,Ada Lovelace,5.0,2024-04-01,PCIe 4.0 x8,2125.0,8.0,GDDR6,3072,96,48,24,96,24,128.0,24.0,115.0,,,Dual-slot,300.0,1x 12-pin,"1x HDMI 2.1, 3x DisplayPort 1.4a"
NVIDIA,4060TI AD104,GeForce RTX 4060 Ti AD104,GeForce 40,2310.0,2535.0,Ada Lovelace,5.0,2024-04-01,PCIe 4.0 x8,2250.0,8.0,GDDR6,4352,136,48,34,136,34,128.0,32.0,160.0,240.0,111.0,Dual-slot,450.0,1x 16-pin,"1x HDMI 2.1, 3x DisplayPort 1.4a"
NVIDIA,4070 AD103,GeForce RTX 4070 AD103,GeForce 40,1920.0,2475.0,Ada Lovelace,5.0,2024-03-01,PCIe 4.0 x16,1313.0,12.0,GDDR6X,5888,184,64,46,184,46,128.0,36.0,200.0,240.0,110.0,Dual-slot,550.0,1x 16-pin,"1x HDMI 2.1, 3x DisplayPort 1.4a"
NVIDIA,4070 GDDR6,GeForce RTX 4070 GDDR6,GeForce 40,1920.0,2475.0,Ada Lovelace,5.0,2024-08-20,PCIe 4.0 x16,2500.0,12.0,GDDR6,5888,184,64,46,184,46,128.0,36.0,200.0,240.0,110.0,Dual-slot,550.0,1x 16-pin,"1x HDMI 2.1, 3x DisplayPort 1.4a"
NVIDIA,4070S,GeForce RTX 4070 SUPER,GeForce 40,1980.0,2475.0,Ada Lovelace,5.0,2024-01-08,PCIe 4.0 x16,1313.0,12.0,GDDR6X,7168,224,80,56,224,56,128.0,48.0,220.0,267.0,112.0,Dual-slot,550.0,1x 16-pin,"1x HDMI 2.1, 3x DisplayPort 1.4a"
NVIDIA,4070TIS,GeForce RTX 4070 Ti SUPER,GeForce 40,2340.0,2610.0,Ada Lovelace,5.0,2024-01-08,PCIe 4.0 x16,1313.0,16.0,GDDR6X,8448,264,96,66,264,66,128.0,48.0,285.0,310.0,140.0,Triple-slot,600.0,1x 16-pin,"1x HDMI 2.1, 3x DisplayPort 1.4a"
NVIDIA,4070TIS AD102,GeForce RTX 4070 Ti SUPER AD102,GeForce 40,2340.0,2610.0,Ada Lovelace,5.0,2024-06-10,PCIe 4.0 x16,1313.0,16.0,GDDR6X,8448,264,96,66,264,66,128.0,48.0,285.0,310.0,140.0,Triple-slot,600.0,1x 16-pin,"1x HDMI 2.1, 3x DisplayPort 1.4a"
NVIDIA,4080S,GeForce RTX 4080 SUPER,GeForce 40,2295.0,2550.0,Ada Lovelace,5.0,2024-01-08,PCIe 4.0 x16,1438.0,16.0,GDDR6X,10240,320,112,80,320,80,128.0,64.0,320.0,310.0,140.0,Triple-slot,700.0,1x 16-pin,"1x HDMI 2.1, 3x DisplayPort 1.4a"
NVIDIA,H200 NVL,H200 NVL,Server Hopper(Hxx),1365.0,1785.0,Hopper,5.0,2024-11-18,PCIe 5.0 x16,1593.0,141.0,HBM3e,16896,528,24,132,528,0,250.0,50.0,600.0,267.0,111.0,Dual-slot,1000.0,8-pin EPS,
NVIDIA,H200 SXM 141 GB,H200 SXM 141 GB,Server Hopper(Hxx),1500.0,1980.0,Hopper,5.0,2024-11-18,PCIe 5.0 x16,1593.0,141.0,HBM3e,16896,528,24,132,528,0,250.0,50.0,700.0,,,SXM Module,1100.0,8-pin EPS,
NVIDIA,1000 MOBILE ADA GENERATION,RTX 1000 Mobile Ada Generation,Ada-MW(x000A),1485.0,2025.0,Ada Lovelace,5.0,2024-02-26,PCIe 4.0 x8,2000.0,6.0,GDDR6,2560,80,48,20,80,20,128.0,12.0,35.0,,,IGP,,,
NVIDIA,2000 ADA GENERATION,RTX 2000 Ada Generation,Workstation Ada(x000A),1620.0,2130.0,Ada Lovelace,5.0,2024-02-12,PCIe 4.0 x8,2000.0,16.0,GDDR6,2816,88,48,22,88,22,128.0,12.0,70.0,168.0,69.0,Dual-slot,250.0,,4x mini-DisplayPort 1.4a
NVIDIA,500 MOBILE ADA GENERATION,RTX 500 Mobile Ada Generation,Ada-MW(x000A),1485.0,2025.0,Ada Lovelace,5.0,2024-02-26,PCIe 4.0 x8,2000.0,4.0,GDDR6,2048,64,32,16,64,16,128.0,12.0,35.0,,,IGP,,,
NVIDIA,5880 ADA GENERATION,RTX 5880 Ada Generation,Workstation Ada(x000A),975.0,2460.0,Ada Lovelace,5.0,2024-01-05,PCIe 4.0 x16,2250.0,48.0,GDDR6,14080,440,176,110,440,110,128.0,72.0,285.0,267.0,112.0,Dual-slot,600.0,1x 16-pin,4x DisplayPort 1.4a
NVIDIA,A1000,RTX A1000,Workstation Ampere(Ax000),727.0,1462.0,Ampere,8.0,2024-04-16,PCIe 4.0 x8,1500.0,8.0,GDDR6,2304,72,32,18,72,18,128.0,2.0,50.0,163.0,69.0,Single-slot,250.0,,4x mini-DisplayPort 1.4a
NVIDIA,A400,RTX A400,Workstation Ampere(Ax000),1417.0,1762.0,Ampere,8.0,2024-04-16,PCIe 4.0 x8,1500.0,4.0,GDDR6,768,24,16,6,24,6,128.0,2.0,50.0,163.0,69.0,Single-slot,250.0,,4x mini-DisplayPort 1.4a
AMD,PLAYSTATION 5 PRO GPU,Playstation 5 Pro GPU,Console GPU(Sony),2170.0,2350.0,RDNA 2.0,4.0,2024-11-07,,2250.0,16.0,GDDR6,3840,240,64,0,0,0,0.0,4.0,232.0,386.0,216.0,,,,"1x HDMI 2.1, 1x USB Type-C"
AMD,740M,Radeon 740M,Navi III IGP(Phoenix),800.0,2800.0,RDNA 3.0,4.0,2024-01-31,PCIe 4.0 x8,,0.0,System Shared,256,16,8,0,0,4,128.0,2.0,45.0,,,IGP,,,
AMD,760M,Radeon 760M,Navi III IGP(Phoenix),800.0,2599.0,RDNA 3.0,4.0,2024-01-31,PCIe 4.0 x8,,0.0,System Shared,512,32,16,0,0,8,128.0,2.0,15.0,,,IGP,,,
AMD,780M,Radeon 780M,Navi III IGP(Phoenix),800.0,2900.0,RDNA 3.0,4.0,2024-01-31,PCIe 4.0 x8,,0.0,System Shared,768,48,32,0,0,12,128.0,2.0,15.0,,,IGP,,,
AMD,880M,Radeon 880M,Navi III IGP(Strix Point Mobile),400.0,2900.0,RDNA 3.5,4.0,2024-07-15,PCIe 4.0 x8,,0.0,System Shared,768,48,16,0,0,12,128.0,2.0,15.0,,,IGP,,,
AMD,890M,Radeon 890M,Navi III IGP(Strix Point Mobile),400.0,2900.0,RDNA 3.5,4.0,2024-07-15,PCIe 4.0 x8,,0.0,System Shared,1024,64,32,0,0,16,128.0,2.0,15.0,,,IGP,,,
AMD,INSTINCT MI325X,Radeon Instinct MI325X,Radeon Instinct(MIx),1000.0,2100.0,CDNA 3.0,5.0,2024-10-01,PCIe 5.0 x16,2525.0,288.0,HBM3e,19456,1216,0,0,0,0,16.0,16.0,1000.0,,,OAM Module,1400.0,,
AMD,PRO V710,Radeon PRO V710,Radeon Pro Navi(Navi III Series),1900.0,2000.0,RDNA 3.0,5.0,2024-10-03,PCIe 4.0 x16,2250.0,28.0,GDDR6,3456,216,96,0,0,54,128.0,2.0,158.0,,,Single-slot,450.0,1x 8-pin,
AMD,RX 7600 XT,Radeon RX 7600 XT,Navi III(RX 7000),1980.0,2755.0,RDNA 3.0,6.0,2024-01-08,PCIe 4.0 x8,2250.0,16.0,GDDR6,2048,128,64,0,0,32,128.0,2.0,190.0,204.0,115.0,Dual-slot,450.0,1x 8-pin,"1x HDMI 2.1a, 3x DisplayPort 2.1"
AMD,RX 7800M,Radeon RX 7800M,Navi Mobile(RX 7000M),1295.0,2335.0,RDNA 3.0,5.0,2024-09-11,PCIe 4.0 x16,2250.0,12.0,GDDR6,3840,240,96,0,0,60,128.0,4.0,180.0,,,IGP,,,
AMD,XBOX SERIES X 6NM GPU,Xbox Series X 6nm GPU,Console GPU(Microsoft),1825.0,1825.0,RDNA 2.0,6.0,2024-10-15,,1750.0,10.0,GDDR6,3328,208,64,0,0,0,0.0,5.0,200.0,301.0,151.0,,,,1x HDMI 2.1
Intel,130V MOBILE,Arc 130V Mobile,Arc Graphics-M(Lunar Lake),300.0,1850.0,Xe2-LPG,3.0,2024-09-24,PCIe 4.0 x8,,0.0,System Shared,896,56,28,0,0,7,0.0,4.0,37.0,,,IGP,,,
Intel,140V MOBILE,Arc 140V Mobile,Arc Graphics-M(Lunar Lake),300.0,1950.0,Xe2-LPG,3.0,2024-09-24,PCIe 4.0 x8,,0.0,System Shared,1024,64,32,0,0,8,0.0,4.0,37.0,,,IGP,,,
Intel,B580,Arc B580,Battlemage(Arc 5),2670.0,2670.0,Xe2,5.0,2024-12-13,PCIe 4.0 x8,2375.0,12.0,GDDR6,2560,160,80,0,0,20,250.0,18.0,190.0,272.0,115.0,Dual-slot,450.0,1x 8-pin,"1x HDMI 2.1a, 3x DisplayPort 2.1"
Intel,GRAPHICS 24EU,Arc Graphics 24EU,HD Graphics(Arrow Lake),300.0,2000.0,Xe2-LPG,3.0,2024-10-24,Ring Bus,,0.0,System Shared,192,12,6,0,0,0,0.0,0.0,65.0,,,IGP,,,
Intel,GRAPHICS 32EU,Arc Graphics 32EU,HD Graphics(Arrow Lake),300.0,1950.0,Xe2-LPG,3.0,2024-10-24,Ring Bus,,0.0,System Shared,256,16,8,0,0,0,0.0,0.0,65.0,,,IGP,,,
Intel,GRAPHICS 64EU,Arc Graphics 64EU,HD Graphics(Arrow Lake),300.0,1900.0,Xe2-LPG,3.0,2024-10-24,Ring Bus,,0.0,System Shared,512,32,16,0,0,0,0.0,0.0,65.0,,,IGP,,,
NVIDIA,5050,GeForce RTX 5050,GeForce 50,2317.0,2572.0,Blackwell 2.0,5.0,2025-07-01,PCIe 5.0 x8,2500.0,8.0,GDDR6,2560,80,32,20,80,20,128.0,24.0,130.0,,,Dual-slot,300.0,1x 8-pin,"1x HDMI 2.1b, 3x DisplayPort 2.1b"
NVIDIA,5050 MOBILE,GeForce RTX 5050 Mobile,GeForce 50 Mobile,2235.0,2520.0,Blackwell 2.0,5.0,2025-06-24,PCIe 5.0 x16,1750.0,8.0,GDDR6,2560,80,32,20,80,20,128.0,32.0,50.0,,,IGP,,,
NVIDIA,5060,GeForce RTX 5060,GeForce 50,2280.0,2497.0,Blackwell 2.0,5.0,2025-05-19,PCIe 5.0 x8,1750.0,8.0,GDDR7,3840,120,48,30,120,30,128.0,32.0,145.0,241.0,111.0,Dual-slot,300.0,1x 8-pin,"1x HDMI 2.1b, 3x DisplayPort 2.1b"
NVIDIA,5060 MOBILE,GeForce RTX 5060 Mobile,GeForce 50 Mobile,952.0,1455.0,Blackwell 2.0,5.0,2025-05-20,PCIe 5.0 x16,1500.0,8.0,GDDR7,3328,104,48,26,104,26,128.0,32.0,45.0,,,IGP,,,
NVIDIA,5060TI 16 GB,GeForce RTX 5060 Ti 16 GB,GeForce 50,2407.0,2572.0,Blackwell 2.0,5.0,2025-04-16,PCIe 5.0 x8,1750.0,16.0,GDDR7,4608,144,48,36,144,36,128.0,32.0,180.0,241.0,111.0,Dual-slot,450.0,1x 8-pin,"1x HDMI 2.1b, 3x DisplayPort 2.1b"
NVIDIA,5060TI 8 GB,GeForce RTX 5060 Ti 8 GB,GeForce 50,2407.0,2572.0,Blackwell 2.0,5.0,2025-04-16,PCIe 5.0 x8,1750.0,8.0,GDDR7,4608,144,48,36,144,36,128.0,32.0,180.0,241.0,111.0,Dual-slot,450.0,1x 8-pin,"1x HDMI 2.1b, 3x DisplayPort 2.1b"
NVIDIA,5070,GeForce RTX 5070,GeForce 50,2325.0,2512.0,Blackwell 2.0,5.0,2025-03-04,PCIe 5.0 x16,1750.0,12.0,GDDR7,6144,192,80,48,192,48,128.0,48.0,250.0,245.0,115.0,Dual-slot,600.0,1x 16-pin,"1x HDMI 2.1b, 3x DisplayPort 2.1b"
NVIDIA,5070 MOBILE,GeForce RTX 5070 Mobile,GeForce 50 Mobile,907.0,1425.0,Blackwell 2.0,5.0,2025-04-01,PCIe 5.0 x16,1500.0,8.0,GDDR7,4608,144,48,36,144,36,128.0,32.0,50.0,,,IGP,,,
NVIDIA,5070S,GeForce RTX 5070 SUPER,GeForce 50,2325.0,2512.0,Blackwell 2.0,5.0,2025-01-01,PCIe 5.0 x16,1750.0,18.0,GDDR7,6400,200,80,50,200,50,128.0,48.0,275.0,245.0,115.0,Dual-slot,600.0,1x 16-pin,"1x HDMI 2.1b, 3x DisplayPort 2.1b"
NVIDIA,5070TI,GeForce RTX 5070 Ti,GeForce 50,2295.0,2452.0,Blackwell 2.0,5.0,2025-02-20,PCIe 5.0 x16,1750.0,16.0,GDDR7,8960,280,96,70,280,70,128.0,48.0,300.0,304.0,137.0,Dual-slot,700.0,1x 16-pin,"1x HDMI 2.1b, 3x DisplayPort 2.1b"
NVIDIA,5070TI MOBILE,GeForce RTX 5070 Ti Mobile,GeForce 50 Mobile,847.0,1447.0,Blackwell 2.0,5.0,2025-03-01,PCIe 5.0 x16,1750.0,12.0,GDDR7,5888,184,80,46,184,46,128.0,48.0,60.0,,,IGP,,,
NVIDIA,5070TIS,GeForce RTX 5070 Ti SUPER,GeForce 50,2295.0,2452.0,Blackwell 2.0,5.0,2025-01-01,PCIe 5.0 x16,1750.0,16.0,GDDR7,8960,280,96,70,280,70,128.0,48.0,350.0,304.0,137.0,Dual-slot,750.0,1x 16-pin,"1x HDMI 2.1b, 3x DisplayPort 2.1b"
NVIDIA,5080,GeForce RTX 5080,GeForce 50,2295.0,2617.0,Blackwell 2.0,5.0,2025-01-30,PCIe 5.0 x16,1875.0,16.0,GDDR7,10752,336,112,84,336,84,128.0,64.0,360.0,304.0,137.0,Dual-slot,750.0,1x 16-pin,"1x HDMI 2.1b, 3x DisplayPort 2.1b"
NVIDIA,5080 MOBILE,GeForce RTX 5080 Mobile,GeForce 50 Mobile,975.0,1500.0,Blackwell 2.0,5.0,2025-04-02,PCIe 5.0 x16,1750.0,16.0,GDDR7,7680,240,96,60,240,60,128.0,64.0,80.0,,,IGP,,,
NVIDIA,5090,GeForce RTX 5090,GeForce 50,2017.0,2407.0,Blackwell 2.0,5.0,2025-01-30,PCIe 5.0 x16,1750.0,32.0,GDDR7,21760,680,176,170,680,170,128.0,96.0,575.0,304.0,137.0,Dual-slot,950.0,1x 16-pin,"1x HDMI 2.1b, 3x DisplayPort 2.1b"
NVIDIA,5090 D,GeForce RTX 5090 D,GeForce 50,2017.0,2407.0,Blackwell 2.0,5.0,2025-01-30,PCIe 5.0 x16,1750.0,32.0,GDDR7,21760,680,176,170,680,170,128.0,96.0,575.0,304.0,137.0,Dual-slot,950.0,1x 16-pin,"1x HDMI 2.1b, 3x DisplayPort 2.1b"
NVIDIA,5090 MOBILE,GeForce RTX 5090 Mobile,GeForce 50 Mobile,990.0,1515.0,Blackwell 2.0,5.0,2025-03-27,PCIe 5.0 x16,1750.0,24.0,GDDR7,10496,328,112,82,328,82,128.0,64.0,95.0,,,IGP,,,
NVIDIA,PRO 2000 BLACKWELL,RTX PRO 2000 Blackwell,Blackwell PRO W(x000),790.0,1950.0,Blackwell 2.0,5.0,2025-08-11,PCIe 5.0 x8,1125.0,16.0,GDDR7,4352,136,64,34,136,34,128.0,32.0,70.0,167.0,69.0,Dual-slot,250.0,,4x mini-DisplayPort 2.1b
NVIDIA,PRO 4000 BLACKWELL,RTX PRO 4000 Blackwell,Blackwell PRO W(x000),1590.0,2617.0,Blackwell 2.0,5.0,2025-03-18,PCIe 5.0 x16,1750.0,24.0,GDDR7,8960,280,96,70,280,70,128.0,48.0,140.0,241.0,111.0,Single-slot,300.0,1x 16-pin,4x DisplayPort 2.1b
NVIDIA,PRO 4000 BLACKWELL SFF,RTX PRO 4000 Blackwell SFF,Blackwell PRO W(x000),790.0,1337.0,Blackwell 2.0,5.0,2025-08-11,PCIe 5.0 x8,1125.0,24.0,GDDR7,8960,280,96,70,280,70,128.0,48.0,70.0,167.0,69.0,Single-slot,250.0,,4x mini-DisplayPort 2.1b
NVIDIA,PRO 4500 BLACKWELL,RTX PRO 4500 Blackwell,Blackwell PRO W(x000),1590.0,2617.0,Blackwell 2.0,5.0,2025-03-18,PCIe 5.0 x16,1750.0,32.0,GDDR7,10496,328,112,82,328,82,128.0,64.0,200.0,267.0,111.0,Dual-slot,550.0,1x 16-pin,4x DisplayPort 2.1b
NVIDIA,PRO 5000 BLACKWELL,RTX PRO 5000 Blackwell,Blackwell PRO W(x000),1590.0,2617.0,Blackwell 2.0,5.0,2025-03-18,PCIe 5.0 x16,1750.0,48.0,GDDR7,14080,440,176,110,440,110,128.0,96.0,300.0,267.0,111.0,Dual-slot,700.0,1x 16-pin,4x DisplayPort 2.1b
NVIDIA,PRO 6000 BLACKWELL,RTX PRO 6000 Blackwell,Blackwell PRO W(x000),1590.0,2617.0,Blackwell 2.0,5.0,2025-03-18,PCIe 5.0 x16,1750.0,96.0,GDDR7,24064,752,192,188,752,188,128.0,128.0,600.0,304.0,137.0,Dual-slot,1000.0,1x 16-pin,4x DisplayPort 2.1b
NVIDIA,PRO 6000 BLACKWELL MAX Q,RTX PRO 6000 Blackwell Max-Q,Blackwell PRO W(x000),1590.0,2288.0,Blackwell 2.0,5.0,2025-03-18,PCIe 5.0 x16,1750.0,96.0,GDDR7,24064,752,192,188,752,188,128.0,128.0,300.0,267.0,111.0,Dual-slot,700.0,1x 16-pin,4x DisplayPort 2.1b
NVIDIA,PRO 6000 BLACKWELL SERVER,RTX PRO 6000 Blackwell Server,Server Blackwell(Bxx),1590.0,2617.0,Blackwell 2.0,5.0,2025-03-18,PCIe 5.0 x16,1750.0,96.0,GDDR7,24064,752,192,188,752,188,128.0,128.0,600.0,267.0,111.0,Dual-slot,1000.0,1x 16-pin,4x DisplayPort 2.1b
NVIDIA,SWITCH 2 GPU,Switch 2 GPU,Console GPU(Nintendo),561.0,1400.0,Ampere,8.0,2025-06-05,,800.0,12.0,LPDDR5X,1536,48,16,12,48,12,128.0,4.0,40.0,272.0,116.0,,,,
AMD,8050S,Radeon 8050S,Navi Mobile(RX 8000M),1295.0,2335.0,RDNA 3.5,4.0,2025-01-06,PCIe 5.0 x16,,0.0,System Shared,2048,128,64,0,0,32,0.0,8.0,55.0,,,IGP,,,
AMD,8060S,Radeon 8060S,Navi Mobile(RX 8000M),1295.0,2335.0,RDNA 3.5,4.0,2025-01-06,PCIe 5.0 x16,,0.0,System Shared,2560,160,64,0,0,40,0.0,8.0,55.0,,,IGP,,,
AMD,860M,Radeon 860M,Navi III IGP(Strix Point Mobile),600.0,3000.0,RDNA 3.5,4.0,2025-03-01,PCIe 4.0 x8,,0.0,System Shared,512,32,8,0,0,8,128.0,1.0,15.0,,,IGP,,,
AMD,AI PRO R9700,Radeon AI PRO R9700,Radeon Pro Navi(Navi IV Series),1660.0,2920.0,RDNA 4.0,4.0,2025-07-23,PCIe 5.0 x16,2518.0,32.0,GDDR6,4096,256,128,0,0,64,0.0,8.0,300.0,267.0,111.0,Dual-slot,700.0,1x 16-pin,4x DisplayPort 2.1a
AMD,INSTINCT MI350X,Radeon Instinct MI350X,Radeon Instinct(MIx),1000.0,2200.0,CDNA 4.0,3.0,2025-01-01,PCIe 5.0 x16,2000.0,288.0,HBM3e,16384,1024,0,0,0,0,16.0,16.0,1000.0,,,OAM Module,1400.0,,
AMD,INSTINCT MI355X,Radeon Instinct MI355X,Radeon Instinct(MIx),1000.0,2400.0,CDNA 4.0,3.0,2025-01-01,PCIe 5.0 x16,2000.0,288.0,HBM3e,16384,1024,0,0,0,0,16.0,16.0,1400.0,,,OAM Module,1800.0,,
AMD,RX 7400,Radeon RX 7400,Navi III(RX 7000),1452.0,2300.0,RDNA 3.0,6.0,2025-08-08,PCIe 4.0 x8,2250.0,8.0,GDDR6,1792,112,64,0,0,28,128.0,2.0,43.0,,,Dual-slot,200.0,1x 6-pin,"1x HDMI 2.1a, 3x DisplayPort 2.1"
AMD,RX 7650 GRE,Radeon RX 7650 GRE,Navi III(RX 7000),1720.0,2695.0,RDNA 3.0,6.0,2025-02-01,PCIe 4.0 x8,2250.0,8.0,GDDR6,2048,128,64,0,0,32,128.0,2.0,165.0,204.0,115.0,Dual-slot,450.0,1x 8-pin,"1x HDMI 2.1a, 3x DisplayPort 2.1"
AMD,RX 9060,Radeon RX 9060,Navi IV(RX 9000),1700.0,2990.0,RDNA 4.0,4.0,2025-08-05,PCIe 5.0 x16,2518.0,8.0,GDDR6,1792,112,64,0,0,28,0.0,4.0,132.0,,,Dual-slot,300.0,1x 8-pin,"1x HDMI 2.1b, 2x DisplayPort 2.1a"
AMD,RX 9060 XT 16 GB,Radeon RX 9060 XT 16 GB,Navi IV(RX 9000),1700.0,3130.0,RDNA 4.0,4.0,2025-06-04,PCIe 5.0 x16,2518.0,16.0,GDDR6,2048,128,64,0,0,32,0.0,4.0,160.0,,,Dual-slot,450.0,1x 8-pin,"1x HDMI 2.1b, 2x DisplayPort 2.1a"
AMD,RX 9060 XT 8 GB,Radeon RX 9060 XT 8 GB,Navi IV(RX 9000),1700.0,3130.0,RDNA 4.0,4.0,2025-06-04,PCIe 5.0 x16,2518.0,8.0,GDDR6,2048,128,64,0,0,32,0.0,4.0,150.0,,,Dual-slot,450.0,1x 8-pin,"1x HDMI 2.1b, 2x DisplayPort 2.1a"
AMD,RX 9070,Radeon RX 9070,Navi IV(RX 9000),1330.0,2520.0,RDNA 4.0,4.0,2025-03-06,PCIe 5.0 x16,2518.0,16.0,GDDR6,3584,224,128,0,0,56,0.0,8.0,220.0,,,Dual-slot,550.0,2x 8-pin,"1x HDMI 2.1b, 3x DisplayPort 2.1a"
AMD,RX 9070 GRE,Radeon RX 9070 GRE,Navi IV(RX 9000),1420.0,2790.0,RDNA 4.0,4.0,2025-05-08,PCIe 5.0 x16,2250.0,12.0,GDDR6,3072,192,96,0,0,48,0.0,8.0,220.0,,,Dual-slot,550.0,2x 8-pin,"1x HDMI 2.1b, 3x DisplayPort 2.1a"
AMD,RX 9070 XT,Radeon RX 9070 XT,Navi IV(RX 9000),1660.0,2970.0,RDNA 4.0,4.0,2025-03-06,PCIe 5.0 x16,2518.0,16.0,GDDR6,4096,256,128,0,0,64,0.0,8.0,304.0,,,Dual-slot,700.0,2x 8-pin,"1x HDMI 2.1b, 3x DisplayPort 2.1a"
AMD,RYZEN AI Z2 EXTREME GPU,Ryzen AI Z2 Extreme GPU,Console GPU(AMD),800.0,2700.0,RDNA 3.5,4.0,2025-01-01,,1000.0,16.0,LPDDR5X,1024,64,48,0,0,16,128.0,8.0,28.0,,,,,,1x USB Type-C
AMD,RYZEN Z2 A GPU,Ryzen Z2 A GPU,Console GPU(AMD),1000.0,1600.0,RDNA 2.0,7.0,2025-01-01,,800.0,16.0,LPDDR5,512,32,16,0,0,8,128.0,1.0,15.0,,,,,,1x USB Type-C
AMD,RYZEN Z2 EXTREME GPU,Ryzen Z2 Extreme GPU,Console GPU(AMD),800.0,2700.0,RDNA 3.5,4.0,2025-01-01,,1000.0,16.0,LPDDR5X,1024,64,48,0,0,16,128.0,8.0,28.0,,,,,,1x USB Type-C
AMD,RYZEN Z2 GO GPU,Ryzen Z2 Go GPU,Console GPU(AMD),800.0,2700.0,RDNA 2.0,6.0,2025-01-01,,800.0,16.0,LPDDR5,768,48,32,0,0,12,128.0,8.0,28.0,,,,,,1x USB Type-C
AMD,RYZEN Z2 GPU,Ryzen Z2 GPU,Console GPU(AMD),800.0,2700.0,RDNA 3.0,4.0,2025-01-01,,937.0,16.0,LPDDR5X,768,48,32,0,0,12,128.0,8.0,28.0,,,,,,1x USB Type-C
Intel,130T MOBILE,Arc 130T Mobile,Arc Graphics-M(Arrow Lake),300.0,2200.0,Xe+,5.0,2025-01-13,PCIe 4.0 x8,,0.0,System Shared,896,56,28,0,0,7,0.0,4.0,35.0,,,IGP,,,
Intel,140T MOBILE,Arc 140T Mobile,Arc Graphics-M(Arrow Lake),300.0,2350.0,Xe+,5.0,2025-01-13,PCIe 4.0 x8,,0.0,System Shared,1024,64,32,0,0,8,0.0,4.0,35.0,,,IGP,,,
Intel,B570,Arc B570,Battlemage(Arc 5),2500.0,2500.0,Xe2,5.0,2025-01-16,PCIe 4.0 x8,2375.0,10.0,GDDR6,2304,144,80,0,0,18,250.0,18.0,150.0,272.0,115.0,Dual-slot,450.0,1x 8-pin,"1x HDMI 2.1a, 3x DisplayPort 2.1"
