name,price,socket,form_factor,max_memory,memory_slots,color,slug
Asus PRIME B650-PLUS WIFI,159.99,AM5,ATX,192,4,Black / Silver,prime-b650-plus-wifi
MSI B650 GAMING PLUS WIFI,169.99,AM5,ATX,192,4,Black,b650-gaming-plus-wifi
MSI MAG B650 TOMAHAWK WIFI,189.42,AM5,ATX,256,4,Black,mag-b650-tomahawk-wifi
Gigabyte X870E AORUS ELITE WIFI7,325.31,AM5,ATX,256,4,Black,x870e-aorus-elite-wifi7
Asus PRIME B550M-A WIFI II,99.99,AM4,Micro ATX,128,4,Blue / Silver,prime-b550m-a-wifi-ii
Gigabyte B650 EAGLE AX,157.99,AM5,ATX,192,4,Gray / Black,b650-eagle-ax
Asus TUF GAMING B850-PLUS WIFI,217.99,AM5,ATX,192,4,Black / Silver,tuf-gaming-b850-plus-wifi
ASRock B650M Pro RS WiFi,139.99,AM5,Micro ATX,256,4,Black / Silver,b650m-pro-rs-wifi
MSI MAG X870 TOMAHAWK WIFI,269.99,AM5,ATX,256,4,Black,mag-x870-tomahawk-wifi
Gigabyte A520M K V2,68.47,AM4,Micro ATX,64,2,Brown / Black,a520m-k-v2
Asus B650E MAX GAMING WIFI W,149.99,AM5,ATX,256,4,White,b650e-max-gaming-wifi-w
MSI PRO B650-S WIFI,135.99,AM5,ATX,192,4,Black,pro-b650-s-wifi
Gigabyte B550M K,99.99,AM4,Micro ATX,128,4,Brown / Silver,b550m-k
ASRock B850I Lightning WiFi,253.44,AM5,Mini ITX,128,2,Black,b850i-lightning-wifi
MSI B760 GAMING PLUS WIFI,169.99,LGA1700,ATX,192,4,Black / Silver,b760-gaming-plus-wifi
MSI PRO B550M-VC WIFI,99.99,AM4,Micro ATX,128,4,Black,pro-b550m-vc-wifi
MSI PRO Z790-A MAX WIFI,220.0,LGA1700,ATX,192,4,Silver / Black,pro-z790-a-max-wifi
Asus TUF GAMING B650-PLUS WIFI,159.99,AM5,ATX,128,4,Black,tuf-gaming-b650-plus-wifi
Gigabyte X870 EAGLE WIFI7,229.99,AM5,ATX,256,4,Black,x870-eagle-wifi7
Gigabyte X870 AORUS ELITE WIFI7 ICE,299.99,AM5,ATX,256,4,White,x870-aorus-elite-wifi7-ice
MSI B550M PRO-VDH WIFI,109.99,AM4,Micro ATX,128,4,Black,b550m-pro-vdh-wifi
Asus ROG STRIX X870E-E GAMING WIFI,478.01,AM5,ATX,192,4,Black,rog-strix-x870e-e-gaming-wifi
ASRock B850M-X WiFi R2.0,129.99,AM5,Micro ATX,128,2,Black / White,b850m-x-wifi-r2-0
Gigabyte B850 EAGLE WIFI6E,179.99,AM5,ATX,256,4,Gray / Black,b850-eagle-wifi6e
MSI MAG B850 TOMAHAWK MAX WIFI,219.99,AM5,ATX,256,4,Black / Green,mag-b850-tomahawk-max-wifi
Gigabyte B760M GAMING PLUS WIFI DDR4,139.49,LGA1700,Micro ATX,128,4,Black / Silver,b760m-gaming-plus-wifi-ddr4
Asus ROG STRIX B650-A GAMING WIFI,164.95,AM5,ATX,192,4,Black / Silver,rog-strix-b650-a-gaming-wifi
Gigabyte B650M GAMING PLUS WIFI,159.94,AM5,Micro ATX,192,4,Silver / Black,b650m-gaming-plus-wifi
MSI MAG B550 TOMAHAWK MAX WIFI,169.99,AM4,ATX,128,4,Silver / Black,mag-b550-tomahawk-max-wifi
Gigabyte B850 AORUS ELITE WIFI7,232.67,AM5,ATX,256,4,Black,b850-aorus-elite-wifi7
Gigabyte B650 GAMING X AX V2,184.49,AM5,ATX,192,4,Gray / Black,b650-gaming-x-ax-v2
Asus ROG STRIX X870-A GAMING WIFI,318.99,AM5,ATX,192,4,White,rog-strix-x870-a-gaming-wifi
ASRock A620I LIGHTNING WIFI,159.99,AM5,Mini ITX,96,2,Black,a620i-lightning-wifi
Asus TUF GAMING B550-PLUS WIFI II,148.99,AM4,ATX,128,4,Black / Gray,tuf-gaming-b550-plus-wifi-ii
Asus TUF GAMING B650-E WIFI,199.99,AM5,ATX,192,4,Black / Orange,tuf-gaming-b650-e-wifi
Gigabyte Z790 EAGLE AX,169.99,LGA1700,ATX,192,4,Gray / Black,z790-eagle-ax
MSI B450M-A PRO MAX II,97.09,AM4,Micro ATX,64,2,Black,b450m-a-pro-max-ii
MSI PRO B650M-P,149.99,AM5,Micro ATX,192,4,Black / Silver,pro-b650m-p
ASRock B450M/ac R2.0,74.99,AM4,Micro ATX,128,4,Black / Silver,b450m-ac-r2-0
Asus TUF GAMING B850M-PLUS WIFI,219.99,AM5,Micro ATX,192,4,Black,tuf-gaming-b850m-plus-wifi
ASRock B450M-HDV R4.0,69.98,AM4,Micro ATX,64,2,Black / White,b450m-hdv-r4-0
Gigabyte B850 AORUS ELITE WIFI7 ICE,239.99,AM5,ATX,256,4,White / Silver,b850-aorus-elite-wifi7-ice
MSI PRO B760M-P DDR4,99.99,LGA1700,Micro ATX,128,4,Black,pro-b760m-p-ddr4
Asus ROG STRIX B550-F GAMING WIFI II,169.99,AM4,ATX,128,4,Black / Red,rog-strix-b550-f-gaming-wifi-ii
Gigabyte B850M GAMING X WIFI6E,159.99,AM5,Micro ATX,256,4,Black,b850m-gaming-x-wifi6e
Asus ROG CROSSHAIR X870E HERO,649.99,AM5,ATX,192,4,Black,rog-crosshair-x870e-hero
Gigabyte A520I AC,99.99,AM4,Mini ITX,64,2,Black,a520i-ac
Gigabyte B550M AORUS ELITE AX,149.99,AM4,Micro ATX,128,4,Black / Silver,b550m-aorus-elite-ax
ASRock B850M Pro-A WiFi,140.98,AM5,Micro ATX,256,4,Black,b850m-pro-a-wifi
ASRock B650M PG Lightning Wifi,191.66,AM5,Micro ATX,256,4,Silver / Black,b650m-pg-lightning-wifi
MSI MPG B550 GAMING PLUS,104.99,AM4,ATX,128,4,Black,mpg-b550-gaming-plus
MSI A520M-A PRO,67.62,AM4,Micro ATX,64,2,Black,a520m-a-pro
MSI PRO B650M-A WIFI,145.99,AM5,Micro ATX,192,4,Black,pro-b650m-a-wifi
Asus ROG STRIX B650E-F GAMING WIFI,254.25,AM5,ATX,192,4,Black,rog-strix-b650e-f-gaming-wifi
Asus ROG STRIX B850-A GAMING WIFI,239.0,AM5,ATX,192,4,White,rog-strix-b850-a-gaming-wifi
ASRock B550M Pro4,99.99,AM4,Micro ATX,128,4,Silver / Black,b550m-pro4
MSI MAG X670E TOMAHAWK WIFI,248.71,AM5,ATX,192,4,Black,mag-x670e-tomahawk-wifi
Asus ROG STRIX B850-I GAMING WIFI,299.99,AM5,Mini ITX,96,2,Black,rog-strix-b850-i-gaming-wifi
Asus ROG STRIX B650E-I GAMING WIFI,219.95,AM5,Mini ITX,96,2,Black,rog-strix-b650e-i-gaming-wifi
MSI MPG X870E CARBON WIFI,499.99,AM5,ATX,256,4,Black,mpg-x870e-carbon-wifi
Gigabyte B850 GAMING WIFI6,179.99,AM5,ATX,256,4,Black / Gray,b850-gaming-wifi6
MSI B850 GAMING PLUS WIFI,199.99,AM5,ATX,256,4,Silver / Black,b850-gaming-plus-wifi
Asus TUF GAMING X870-PLUS WIFI,266.99,AM5,ATX,192,4,Black,tuf-gaming-x870-plus-wifi
Gigabyte Z790 AORUS ELITE AX,184.99,LGA1700,ATX,192,4,Black,z790-aorus-elite-ax
MSI B550-A PRO,125.99,AM4,ATX,128,4,Black / Silver,b550-a-pro
Asus ROG CROSSHAIR X870E EXTREME,999.99,AM5,EATX,256,4,Black / Silver,rog-crosshair-x870e-extreme
ASRock B850M Pro RS WiFi,149.99,AM5,Micro ATX,256,4,Silver / Black,b850m-pro-rs-wifi
Asus TUF GAMING Z790-PLUS WIFI,219.99,LGA1700,ATX,192,4,Black / Gray,tuf-gaming-z790-plus-wifi
Gigabyte X870E AORUS PRO ICE,329.99,AM5,ATX,256,4,White,x870e-aorus-pro-ice
Gigabyte B650 AORUS ELITE AX,185.99,AM5,ATX,192,4,Black / Silver,b650-aorus-elite-ax
Gigabyte A620I AX,138.0,AM5,Mini ITX,96,2,Black / Gray,a620i-ax
Gigabyte X870I AORUS PRO ICE,284.99,AM5,Mini ITX,128,2,White,x870i-aorus-pro-ice
MSI B650M GAMING PLUS WIFI,219.51,AM5,Micro ATX,192,4,Silver / Black,b650m-gaming-plus-wifi
Asus ROG STRIX B850-F GAMING WIFI,269.18,AM5,ATX,192,4,Black,rog-strix-b850-f-gaming-wifi
ASRock X870 Pro RS,179.99,AM5,ATX,256,4,White,x870-pro-rs
MSI PRO A620M-E,154.9,AM5,Micro ATX,96,2,Black,pro-a620m-e
Asus TUF GAMING B650E-PLUS WIFI,189.99,AM5,ATX,256,4,Black / Silver,tuf-gaming-b650e-plus-wifi
Gigabyte B850 GAMING X WIFI6E,197.99,AM5,ATX,256,4,Gray / Black,b850-gaming-x-wifi6e
Gigabyte B550 GAMING X V2,129.99,AM4,ATX,128,4,Black,b550-gaming-x-v2
ASRock B650M-HDV/M.2,138.63,AM5,Micro ATX,96,2,Silver / Black,b650m-hdv-m-2
Asus Z790 GAMING WIFI7,179.99,LGA1700,ATX,192,4,Silver / Black,z790-gaming-wifi7
MSI MAG X870E TOMAHAWK WIFI,309.99,AM5,ATX,256,4,Black / Green,mag-x870e-tomahawk-wifi
Gigabyte B550 EAGLE WIFI6,129.99,AM4,ATX,128,4,Black,b550-eagle-wifi6
MSI PRO H610M-G DDR4,93.99,LGA1700,Micro ATX,64,2,Black / Silver,pro-h610m-g-ddr4
MSI MEG X870E GODLIKE,999.99,AM5,EATX,256,4,Black,meg-x870e-godlike
ASRock X870 Pro RS WiFi,240.99,AM5,ATX,256,4,White,x870-pro-rs-wifi
Gigabyte B850M AORUS ELITE WIFI6E ICE,199.99,AM5,Micro ATX,256,4,White / Silver,b850m-aorus-elite-wifi6e-ice
ASRock B760M-HDV/M.2,119.32,LGA1700,Micro ATX,96,2,White / Black,b760m-hdv-m-2
ASRock A520M-HDV,62.99,AM4,Micro ATX,64,2,Black / Silver,a520m-hdv
ASRock B550 Phantom Gaming 4/ac,99.99,AM4,ATX,128,4,Silver / Black,b550-phantom-gaming-4-ac
Gigabyte X870 AORUS ELITE WIFI7,262.0,AM5,ATX,256,4,Black,x870-aorus-elite-wifi7
Asus ROG STRIX B760-I GAMING WIFI,209.95,LGA1700,Mini ITX,96,2,Black,rog-strix-b760-i-gaming-wifi
Gigabyte X870 GAMING WIFI6,189.99,AM5,ATX,256,4,Black / Gray,x870-gaming-wifi6
ASRock A620M-HDV/M.2,129.14,AM5,Micro ATX,96,2,Gray / Black,a620m-hdv-m-2
MSI MAG Z890 TOMAHAWK WIFI,239.99,LGA1851,ATX,256,4,Black / Yellow,mag-z890-tomahawk-wifi
Asus ProArt X870E-CREATOR WIFI,517.99,AM5,ATX,256,4,Black / Gold,proart-x870e-creator-wifi
ASRock B650 PG LIGHTNING,129.99,AM5,ATX,256,4,Black,b650-pg-lightning
MSI MAG B550 TOMAHAWK,139.99,AM4,ATX,128,4,Black / Silver,mag-b550-tomahawk
MSI MAG B760 TOMAHAWK WIFI,164.99,LGA1700,ATX,192,4,Black,mag-b760-tomahawk-wifi
Gigabyte B550 UD AC,119.99,AM4,ATX,128,4,Brown / Black,b550-ud-ac
Gigabyte B650M D3HP AX,139.99,AM5,Micro ATX,192,4,Black / Gray,b650m-d3hp-ax
Asus PRIME B650M-A AX II,168.99,AM5,Micro ATX,192,4,Black / Silver,prime-b650m-a-ax-ii
ASRock B650I Lightning Wifi,199.99,AM5,Mini ITX,96,2,Black,b650i-lightning-wifi
ASRock X870E Taichi,468.95,AM5,EATX,256,4,Black,x870e-taichi
MSI MPG X870E EDGE TI WIFI,289.99,AM5,ATX,256,4,Silver / White,mpg-x870e-edge-ti-wifi
ASRock Phantom Gaming X870E Nova WiFi,299.99,AM5,ATX,256,4,Black / Purple,phantom-gaming-x870e-nova-wifi
MSI PRO X870E-P WIFI,244.94,AM5,ATX,256,4,Black / Silver,pro-x870e-p-wifi
MSI PRO B850-P WIFI,199.99,AM5,ATX,256,4,Silver / Black,pro-b850-p-wifi
Gigabyte B760M DS3H AX,129.99,LGA1700,Micro ATX,192,4,Black,b760m-ds3h-ax
ASRock B850 Riptide WiFi,199.99,AM5,ATX,256,4,Black,b850-riptide-wifi
MSI B840 GAMING PLUS WIFI,149.99,AM5,ATX,256,4,Silver / Black,b840-gaming-plus-wifi
ASRock B650M Pro RS,220.07,AM5,Micro ATX,256,4,Black / Silver,b650m-pro-rs
Asus TUF GAMING A520M-PLUS WIFI,110.46,AM4,Micro ATX,128,4,Black / Orange,tuf-gaming-a520m-plus-wifi
ASRock B760M PG Riptide Wifi,119.99,LGA1700,Micro ATX,192,4,Black,b760m-pg-riptide-wifi
ASRock B650 Steel Legend WiFi,280.35,AM5,ATX,256,4,White / Silver,b650-steel-legend-wifi
Gigabyte B650 AORUS ELITE AX ICE,199.74,AM5,ATX,192,4,Silver,b650-aorus-elite-ax-ice
MSI X670E GAMING PLUS WIFI,189.99,AM5,ATX,192,4,Silver / Black,x670e-gaming-plus-wifi
Gigabyte B650 AORUS ELITE AX V2,199.99,AM5,ATX,192,4,Black / Silver,b650-aorus-elite-ax-v2
Asus ROG STRIX X870-I GAMING WIFI,448.99,AM5,Mini ITX,128,2,Black,rog-strix-x870-i-gaming-wifi
Asus ROG STRIX Z790-A GAMING WIFI II,590.0,LGA1700,ATX,192,4,Black / Silver,rog-strix-z790-a-gaming-wifi-ii
MSI PRO Z790-P WIFI,179.99,LGA1700,ATX,192,4,Black / Silver,pro-z790-p-wifi
ASRock B760 Pro RS/D4,154.05,LGA1700,ATX,128,4,Silver / Black,b760-pro-rs-d4
ASRock B850M Steel Legend WiFi,179.99,AM5,Micro ATX,256,4,Silver / Black,b850m-steel-legend-wifi
Asus TUF GAMING B650M-PLUS WIFI,259.0,AM5,Micro ATX,192,4,Black,tuf-gaming-b650m-plus-wifi
MSI B760M GAMING PLUS WIFI,252.19,LGA1700,Micro ATX,192,4,Black / Silver,b760m-gaming-plus-wifi
Gigabyte B550M DS3H AC,99.99,AM4,Micro ATX,128,4,Black,b550m-ds3h-ac
Gigabyte B650M GAMING WIFI6E,177.17,AM5,Micro ATX,128,2,Silver / Black,b650m-gaming-wifi6e
MSI PRO B760-P WIFI DDR4,159.95,LGA1700,ATX,128,4,Black,pro-b760-p-wifi-ddr4
Gigabyte B650 EAGLE,212.19,AM5,ATX,192,4,Black / Gray,b650-eagle
MSI X870 GAMING PLUS WIFI,249.99,AM5,ATX,256,4,Black / White,x870-gaming-plus-wifi
Asus TUF GAMING B760-PLUS WIFI,159.99,LGA1700,ATX,192,4,Black,tuf-gaming-b760-plus-wifi
ASRock Z790 PRO RS WIFI,229.68,LGA1700,ATX,192,4,Silver / Black,z790-pro-rs-wifi
Gigabyte A520M S2H,72.98,AM4,Micro ATX,64,2,Black,a520m-s2h
Asus Prime B450M-A II,140.0,AM4,Micro ATX,128,4,,prime-b450m-a-ii
Gigabyte B850I AORUS PRO,259.99,AM5,Mini ITX,128,2,,b850i-aorus-pro
Gigabyte A520M DS3H V2,101.9,AM4,Micro ATX,128,4,Gray / Brown,a520m-ds3h-v2
MSI B550 GAMING GEN3,124.58,AM4,ATX,128,4,Black,b550-gaming-gen3
MSI MAG B850M MORTAR WIFI,239.99,AM5,Micro ATX,256,4,Black / Green,mag-b850m-mortar-wifi
Gigabyte B550 AORUS ELITE AX V2,149.99,AM4,ATX,128,4,Black / Silver,b550-aorus-elite-ax-v2
ASRock B850 Steel Legend WiFi,209.99,AM5,ATX,256,4,White / Black,b850-steel-legend-wifi
MSI MPG B650I EDGE WIFI,289.99,AM5,Mini ITX,128,2,Black / Silver,mpg-b650i-edge-wifi
MSI MAG Z790 TOMAHAWK WIFI,189.99,LGA1700,ATX,192,4,Black,mag-z790-tomahawk-wifi
Gigabyte B550I AORUS PRO AX,189.99,AM4,Mini ITX,64,2,Black / Silver,b550i-aorus-pro-ax
Asus ROG STRIX B860-I GAMING WIFI,219.99,LGA1851,Mini ITX,128,2,Black / Silver,rog-strix-b860-i-gaming-wifi
Asus ROG STRIX B550-A GAMING,241.13,AM4,ATX,128,4,Black / White,rog-strix-b550-a-gaming
NZXT N7 B650E,260.88,AM5,ATX,128,4,White,nzxt-n7-b650e
Gigabyte X870E AORUS PRO,349.99,AM5,ATX,256,4,Black,x870e-aorus-pro
MSI Z790 GAMING PLUS WIFI,169.99,LGA1700,ATX,192,4,Black,z790-gaming-plus-wifi
MSI MPG B850I EDGE TI WIFI,249.99,AM5,Mini ITX,128,2,Silver,mpg-b850i-edge-ti-wifi
ASRock B650 PRO RS,147.02,AM5,ATX,256,4,Black / Silver,b650-pro-rs
Gigabyte B650E AORUS ELITE X AX ICE,209.0,AM5,ATX,192,4,Silver / White,b650e-aorus-elite-x-ax-ice
MSI PRO B840-P WIFI,159.99,AM5,ATX,256,4,Silver,pro-b840-p-wifi
ASRock B550M-ITX/ac,99.99,AM4,Mini ITX,64,2,Silver / Black,b550m-itx-ac
Gigabyte X870E AORUS MASTER,499.99,AM5,ATX,256,4,Black,x870e-aorus-master
ASRock B850 Pro-A,139.99,AM5,ATX,256,4,Black / Silver,b850-pro-a
ASRock B760M-H2/M.2,153.88,LGA1700,Micro ATX,96,2,Black / Silver,b760m-h2-m-2
Asus ROG STRIX B850-E GAMING WIFI,339.0,AM5,ATX,256,4,Black,rog-strix-b850-e-gaming-wifi
MSI MAG B650M MORTAR WIFI,198.99,AM5,Micro ATX,192,4,Black,mag-b650m-mortar-wifi
ASRock B650M Pro X3D WiFi,139.99,AM5,Micro ATX,256,4,Black / Silver,b650m-pro-x3d-wifi
MSI PRO X870-P WIFI,273.0,AM5,ATX,256,4,Black / Silver,pro-x870-p-wifi
Asus PRIME B550-PLUS AC-HES,129.99,AM4,ATX,128,4,Silver / Black,prime-b550-plus-ac-hes
Asus PRIME X870-P WIFI,219.99,AM5,ATX,192,4,Black / Silver,prime-x870-p-wifi
Gigabyte B650M AORUS ELITE AX,199.99,AM5,Micro ATX,192,4,Black,b650m-aorus-elite-ax
ASRock B550 Phantom Gaming-ITX/ax,149.99,AM4,Mini ITX,64,2,Silver / Black,b550-phantom-gaming-itx-ax
Asus Z790-AYW WIFI W II,189.99,LGA1700,ATX,192,4,White,z790-ayw-wifi-w-ii
ASRock B850M Riptide WiFi,169.99,AM5,Micro ATX,256,4,Black,b850m-riptide-wifi
Gigabyte B760M DS3H DDR4,109.99,LGA1700,Micro ATX,128,4,Black,b760m-ds3h-ddr4
Asus TUF GAMING B760M-PLUS WIFI II,263.77,LGA1700,Micro ATX,192,4,Black / Orange,tuf-gaming-b760m-plus-wifi-ii
Gigabyte B650M AORUS ELITE AX ICE,199.99,AM5,Micro ATX,192,4,Silver,b650m-aorus-elite-ax-ice
Asus PRIME H610I-PLUS D4-CSM,112.99,LGA1700,Mini ITX,64,2,Silver / Black,prime-h610i-plus-d4-csm
Asus PRIME B760M-A AX,131.74,LGA1700,Micro ATX,128,4,Silver / Black,prime-b760m-a-ax
Gigabyte B550M DS3H,137.64,AM4,Micro ATX,128,4,Black / Gold,b550m-ds3h
MSI PRO B650-P WIFI,169.99,AM5,ATX,192,4,Black,pro-b650-p-wifi
ASRock B650M-H/M.2+,99.99,AM5,Micro ATX,96,2,Silver / Black,b650m-h-m-2
ASRock X870 Steel Legend WiFi,259.99,AM5,ATX,256,4,White,x870-steel-legend-wifi
Asus ROG MAXIMUS Z790 DARK HERO,999.99,LGA1700,ATX,192,4,Black,rog-maximus-z790-dark-hero
Gigabyte Z790 AORUS ELITE X WIFI7,239.99,LGA1700,ATX,192,4,Black,z790-aorus-elite-x-wifi7
ASRock H610M/ac,89.99,LGA1700,Micro ATX,64,2,Silver / Black,h610m-ac
Gigabyte B650I AORUS ULTRA,237.0,AM5,Mini ITX,96,2,Black / Silver,b650i-aorus-ultra
Gigabyte A620M S2H,110.82,AM5,Micro ATX,96,2,Gray / Black,a620m-s2h
Gigabyte Z890 EAGLE WIFI7,224.27,LGA1851,ATX,256,4,Silver / Black,z890-eagle-wifi7
Asus ROG STRIX B450-F GAMING II,269.27,AM4,ATX,128,4,Black,rog-strix-b450-f-gaming-ii
Asus ROG STRIX X870-F GAMING WIFI,419.99,AM5,ATX,192,4,Black,rog-strix-x870-f-gaming-wifi
Gigabyte B450M DS3H,153.26,AM4,Micro ATX,128,4,Black / Silver,b450m-ds3h
Asus PRIME B840-PLUS WIFI,149.99,AM5,ATX,192,4,Silver / Black,prime-b840-plus-wifi
ASRock B850 LiveMixer WiFi,189.99,AM5,ATX,256,4,Silver / Black,b850-livemixer-wifi
Asus TUF GAMING B550M-PLUS WIFI II,199.99,AM4,Micro ATX,128,4,Black / Gray,tuf-gaming-b550m-plus-wifi-ii
ASRock B450M PRO4 R2.0,99.99,AM4,Micro ATX,128,4,Gray / Black,b450m-pro4-r2-0
ASRock B660M Pro RS,107.99,LGA1700,Micro ATX,128,4,Gray / Black,b660m-pro-rs
ASRock A620M Pro RS WiFi,148.93,AM5,Micro ATX,256,4,Silver / Black,a620m-pro-rs-wifi
Asus ROG STRIX X670E-E GAMING WIFI,384.0,AM5,ATX,192,4,Black / Silver,rog-strix-x670e-e-gaming-wifi
Asus ROG STRIX B550-F GAMING,219.99,AM4,ATX,128,4,Black,rog-strix-b550-f-gaming
ASRock B550M-HDV,89.99,AM4,Micro ATX,64,2,Black,b550m-hdv
MSI PRO Z890-P WIFI,189.99,LGA1851,ATX,256,4,Black / Silver,pro-z890-p-wifi
MSI PRO B650-A WIFI,169.99,AM5,ATX,256,4,Black / Silver,pro-b650-a-wifi
ASRock B850M-X WiFi,124.99,AM5,Micro ATX,128,2,Black / White,b850m-x-wifi
Gigabyte B550M AORUS ELITE,134.0,AM4,Micro ATX,128,4,Black / Orange,b550m-aorus-elite
ASRock Phantom Gaming X870 Riptide WiFi,249.99,AM5,ATX,256,4,Black / Purple,phantom-gaming-x870-riptide-wifi
Asus PRIME B650M-A WIFI II,237.07,AM5,Micro ATX,192,4,Black / Silver,prime-b650m-a-wifi-ii
MSI MPG B850 EDGE TI WIFI,309.99,AM5,ATX,256,4,Silver / White,mpg-b850-edge-ti-wifi
MSI PRO B760M-A WIFI DDR4,154.99,LGA1700,Micro ATX,128,4,Black,pro-b760m-a-wifi-ddr4
Gigabyte B550M GAMING X WIFI6,154.99,AM4,Micro ATX,128,4,Gray / Black,b550m-gaming-x-wifi6
MSI B650M PROJECT ZERO,229.99,AM5,Micro ATX,256,4,Silver / Black,b650m-project-zero
Gigabyte B760 GAMING X AX,239.94,LGA1700,ATX,192,4,Black / Gray,b760-gaming-x-ax
Asus ROG STRIX B450-F GAMING,129.99,AM4,ATX,128,4,Black,rog-strix-b450-f-gaming
Asus B760M-AYW WIFI D4 II,99.99,LGA1700,Micro ATX,64,2,Black / Silver,b760m-ayw-wifi-d4-ii
ASRock X870E Taichi Lite,299.99,AM5,EATX,256,4,Black / Silver,x870e-taichi-lite
MSI MPG Z790 CARBON MAX WIFI II,469.99,LGA1700,ATX,256,4,Black,mpg-z790-carbon-max-wifi-ii
NZXT N9 X870E,459.99,AM5,ATX,192,4,Black,nzxt-n9-x870e
Asus ROG CROSSHAIR X870E APEX,749.99,AM5,ATX,128,2,Black,rog-crosshair-x870e-apex
Asus ROG STRIX Z890-E GAMING WIFI,424.0,LGA1851,ATX,192,4,Black,rog-strix-z890-e-gaming-wifi
Asus TUF GAMING X670E-PLUS WIFI,235.99,AM5,ATX,192,4,Black / Orange,tuf-gaming-x670e-plus-wifi
Gigabyte B650I AX,223.75,AM5,Mini ITX,96,2,Black,b650i-ax
Asus ROG STRIX Z790-E GAMING WIFI,399.99,LGA1700,ATX,192,4,Black,rog-strix-z790-e-gaming-wifi
Gigabyte B650 GAMING X AX,166.63,AM5,ATX,192,4,Black / Gray,b650-gaming-x-ax
ASRock B660M-HDV,107.51,LGA1700,Micro ATX,64,2,Gray / Black,b660m-hdv
Gigabyte X670 AORUS ELITE AX,239.99,AM5,ATX,192,4,Black,x670-aorus-elite-ax
MSI PRO B850M-P WIFI,179.99,AM5,Micro ATX,256,4,Black / Silver,pro-b850m-p-wifi
Gigabyte B450M K,99.95,AM4,Micro ATX,64,2,Brown / Silver,b450m-k
Gigabyte X870E AORUS ELITE WIFI7 ICE,329.99,AM5,ATX,256,4,White,x870e-aorus-elite-wifi7-ice
Gigabyte X870E AORUS XTREME AI TOP,799.99,AM5,EATX,256,4,Black,x870e-aorus-xtreme-ai-top
ASRock B860I WiFi,159.99,LGA1851,Mini ITX,128,2,Black,b860i-wifi
Asus TUF GAMING B650-PLUS,159.99,AM5,ATX,128,4,Black / Orange,tuf-gaming-b650-plus
Gigabyte B650M S2H,147.47,AM5,Micro ATX,96,2,Black / Gray,b650m-s2h
MSI B550M PRO-VDH,153.09,AM4,Micro ATX,128,4,Black,b550m-pro-vdh
ASRock B450M Steel Legend,92.67,AM4,Micro ATX,64,4,Black / White,b450m-steel-legend
MSI MAG Z790 TOMAHAWK MAX WIFI,248.43,LGA1700,ATX,192,4,Black / Yellow,mag-z790-tomahawk-max-wifi
ASRock B850 Pro-A WiFi,177.99,AM5,ATX,256,4,Black / Silver,b850-pro-a-wifi
NZXT N9 X870E,459.99,AM5,ATX,192,4,White,nzxt-n9-x870e
ASRock B850M Pro RS,149.99,AM5,Micro ATX,256,4,Silver / Black,b850m-pro-rs
Asus B650E MAX GAMING WIFI,169.99,AM5,ATX,192,4,Black / Silver,b650e-max-gaming-wifi
Asus TUF GAMING B850-BTF WIFI W,279.99,AM5,ATX,256,4,White / Silver,tuf-gaming-b850-btf-wifi-w
ASRock H610M-HDV/M.2+ D5,89.57,LGA1700,Micro ATX,96,2,White / Black,h610m-hdv-m-2-d5
MSI PRO B650M-B,154.86,AM5,Micro ATX,96,2,Black,pro-b650m-b
MSI B450M PRO-VDH MAX,110.0,AM4,Micro ATX,64,4,Black / Silver,b450m-pro-vdh-max
Asus PRIME B650-PLUS,174.02,AM5,ATX,192,4,Black / Silver,prime-b650-plus
Asus PRIME Z790-P WIFI,249.99,LGA1700,ATX,192,4,Black / Silver,prime-z790-p-wifi
Gigabyte Z890 AORUS ELITE WIFI7,245.4,LGA1851,ATX,256,4,Black,z890-aorus-elite-wifi7
Asus TUF GAMING Z890-PLUS WIFI,260.0,LGA1851,ATX,192,4,Black,tuf-gaming-z890-plus-wifi
ASRock B850M-X,111.98,AM5,Micro ATX,128,2,Black / White,b850m-x
Asus ROG STRIX B650E-E GAMING WIFI,404.73,AM5,ATX,192,4,Black,rog-strix-b650e-e-gaming-wifi
Gigabyte B850M DS3H,154.99,AM5,Micro ATX,256,4,Gray / Black,b850m-ds3h
ASRock B650M PG RIPTIDE WIFI,185.99,AM5,Micro ATX,256,4,Black,b650m-pg-riptide-wifi
MSI X870E GAMING PLUS WIFI,329.99,AM5,ATX,256,4,Black,x870e-gaming-plus-wifi
Gigabyte Z790 AORUS PRO X,329.99,LGA1700,ATX,192,4,Silver,z790-aorus-pro-x
Gigabyte B650M D3HP,169.44,AM5,Micro ATX,192,4,Black,b650m-d3hp
Asus TUF GAMING A620M-PLUS WIFI,155.99,AM5,Micro ATX,192,4,Black / Orange,tuf-gaming-a620m-plus-wifi
Asus ProArt Z890-CREATOR WIFI,489.99,LGA1851,ATX,256,4,Black / Gold,proart-z890-creator-wifi
ASRock B550 Phantom Gaming 4,99.99,AM4,ATX,128,4,Silver / Black,b550-phantom-gaming-4
Gigabyte X870 GAMING X WIFI7,259.99,AM5,ATX,256,4,Black,x870-gaming-x-wifi7
MSI Z790 PROJECT ZERO,279.99,LGA1700,ATX,256,4,Silver / Black,z790-project-zero
Asus TUF GAMING X870E-PLUS WIFI7,359.99,AM5,ATX,256,4,Black / Silver,tuf-gaming-x870e-plus-wifi7
Asus X870 MAX GAMING WIFI7,233.65,AM5,ATX,256,4,Black,x870-max-gaming-wifi7
Asus ROG STRIX X570-E GAMING WIFI II,495.31,AM4,ATX,128,4,Black,rog-strix-x570-e-gaming-wifi-ii
Gigabyte Z790M AORUS ELITE AX ICE,199.99,LGA1700,Micro ATX,192,4,White / Silver,z790m-aorus-elite-ax-ice
Gigabyte Z890M AORUS ELITE WIFI7 ICE,189.95,LGA1851,Micro ATX,256,4,White / Silver,z890m-aorus-elite-wifi7-ice
MSI B760 GAMING PLUS WIFI DDR4,243.73,LGA1700,ATX,128,4,Black / Silver,b760-gaming-plus-wifi-ddr4
Gigabyte B760I AORUS PRO,199.99,LGA1700,Mini ITX,96,2,Silver / Black,b760i-aorus-pro
Gigabyte X870 AORUS STEALTH ICE,309.99,AM5,ATX,256,4,White,x870-aorus-stealth-ice
Gigabyte B550 AORUS ELITE V2,190.78,AM4,ATX,128,4,Black,b550-aorus-elite-v2
Asus PRIME B450M-K II,111.64,AM4,Micro ATX,64,2,Black,prime-b450m-k-ii
Asus ROG STRIX Z690-E GAMING WIFI,361.52,LGA1700,ATX,192,4,Black,rog-strix-z690-e-gaming-wifi
Asus PRIME B550-PLUS,169.78,AM4,ATX,128,4,Black / White,prime-b550-plus
Asus TUF GAMING B450-PLUS II,192.85,AM4,ATX,128,4,Black,tuf-gaming-b450-plus-ii
MSI PRO B760M-P,124.98,LGA1700,Micro ATX,192,4,Black,pro-b760m-p
MSI B760M PROJECT ZERO,206.99,LGA1700,Micro ATX,256,4,Silver / Black,b760m-project-zero
Asus ROG MAXIMUS Z890 HERO,619.99,LGA1851,ATX,192,4,Black,rog-maximus-z890-hero
Gigabyte B850 EAGLE WIFI7 ICE,342.89,AM5,ATX,256,4,White,b850-eagle-wifi7-ice
ASRock B650M PG Lightning,192.99,AM5,Micro ATX,256,4,Silver / Black,b650m-pg-lightning
Gigabyte B650E AORUS STEALTH ICE,422.04,AM5,ATX,192,4,White / Silver,b650e-aorus-stealth-ice
MSI PRO H610M-G WIFI DDR4,119.99,LGA1700,Micro ATX,64,2,Black / Silver,pro-h610m-g-wifi-ddr4
Gigabyte B850M EAGLE WIFI6E ICE,164.99,AM5,Micro ATX,256,4,White,b850m-eagle-wifi6e-ice
ASRock A520M-ITX/ac,150.01,AM4,Mini ITX,64,2,Black / Silver,a520m-itx-ac
ASRock B850 Pro RS,177.99,AM5,ATX,256,4,Silver / Black,b850-pro-rs
Asus PRIME B650M-A II-CSM,159.99,AM5,Micro ATX,192,4,Silver / Black,prime-b650m-a-ii-csm
MSI MPG X670E CARBON WIFI,479.99,AM5,ATX,192,4,Black,mpg-x670e-carbon-wifi
Asus PRIME A520M-A II/CSM,78.86,AM4,Micro ATX,128,4,Silver / Black,prime-a520m-a-ii-csm
Asus X870 AYW GAMING WIFI W,219.99,AM5,ATX,256,4,White / Silver,x870-ayw-gaming-wifi-w
ASRock A620M Pro RS,154.16,AM5,Micro ATX,256,4,Silver / Black,a620m-pro-rs
MSI MAG B860 TOMAHAWK WIFI,169.99,LGA1851,ATX,256,4,Black / Yellow,mag-b860-tomahawk-wifi
MSI MPG B650 EDGE WIFI,179.99,AM5,ATX,192,4,Black / Silver,mpg-b650-edge-wifi
Asus ROG STRIX B760-A GAMING WIFI,229.99,LGA1700,ATX,192,4,Silver / Black,rog-strix-b760-a-gaming-wifi
ASRock B450M/AC,84.29,AM4,Micro ATX,64,4,Black,b450m-ac
Asus ROG STRIX B850-G GAMING WIFI,259.99,AM5,Micro ATX,256,4,White,rog-strix-b850-g-gaming-wifi
ASRock B650 Pro RS WiFi,160.98,AM5,ATX,256,4,Silver / Black,b650-pro-rs-wifi
Gigabyte H610M H V3 DDR4,130.93,LGA1700,Micro ATX,64,2,Black / Silver,h610m-h-v3-ddr4
Asus ROG STRIX Z790-F GAMING WIFI II,579.99,LGA1700,ATX,192,4,Black,rog-strix-z790-f-gaming-wifi-ii
Asus PRIME B650M-K,188.27,AM5,Micro ATX,96,2,Silver / Black,prime-b650m-k
MSI MAG B760M MORTAR WIFI II,199.98,LGA1700,Micro ATX,192,4,Silver / Black,mag-b760m-mortar-wifi-ii
Asus PRIME A620M-K,144.63,AM5,Micro ATX,96,2,Black / Silver,prime-a620m-k
MSI MEG X670E ACE,369.99,AM5,EATX,192,4,Black / Gold,meg-x670e-ace
Asus PRIME B550M-A AC,109.99,AM4,Micro ATX,128,4,Black / Silver,prime-b550m-a-ac
MSI B450 Gaming Plus MAX,162.0,AM4,ATX,128,4,Red / Black,b450-gaming-plus-max
Asus TUF GAMING B550-PLUS,207.05,AM4,ATX,128,4,Black,tuf-gaming-b550-plus
ASRock A520M-HVS,85.67,AM4,Micro ATX,64,2,Black / Silver,a520m-hvs
Asus PRIME B450M-A,127.78,AM4,Micro ATX,64,4,Black,prime-b450m-a
NZXT N7 Z790,299.99,LGA1700,ATX,192,4,White / Black,nzxt-n7-z790
MSI PRO Z790-P WIFI DDR4,205.0,LGA1700,ATX,128,4,Black / Silver,pro-z790-p-wifi-ddr4
Gigabyte A520 AORUS ELITE,135.14,AM4,ATX,128,4,Black / Orange,a520-aorus-elite
Gigabyte A620M GAMING X,188.99,AM5,Micro ATX,192,4,Brown / Gray,a620m-gaming-x
Gigabyte Z790 AORUS PRO X WIFI7,299.99,LGA1700,ATX,192,4,Black,z790-aorus-pro-x-wifi7
Asus ROG STRIX X670E-A GAMING WIFI,264.99,AM5,ATX,192,4,Silver / Black,rog-strix-x670e-a-gaming-wifi
ASRock B850 Pro RS WiFi,189.99,AM5,ATX,256,4,Silver / Black,b850-pro-rs-wifi
MSI MPG Z790 EDGE WIFI,209.0,LGA1700,ATX,192,4,Silver / Black,mpg-z790-edge-wifi
Gigabyte B450 AORUS PRO WIFI (rev. 1.0),227.26,AM4,ATX,64,4,Black / Silver,b450-aorus-pro-wifi-rev-1-0
Gigabyte B850M AORUS ELITE WIFI6E,307.15,AM5,Micro ATX,256,4,Black,b850m-aorus-elite-wifi6e
ASRock B450 Pro4 R2.0,129.91,AM4,ATX,128,4,Black,b450-pro4-r2-0
Asus PRIME B660-PLUS D4,179.99,LGA1700,ATX,128,4,Silver / Black,prime-b660-plus-d4
MSI MEG Z890 GODLIKE,1081.99,LGA1851,EATX,256,4,Black,meg-z890-godlike
ASRock B550M Phantom Gaming 4,99.99,AM4,Micro ATX,128,4,Black,b550m-phantom-gaming-4
MSI PRO B860M-A WIFI,159.99,LGA1851,Micro ATX,256,4,Silver / Black,pro-b860m-a-wifi
Asus ROG Crosshair VIII Dark Hero,730.56,AM4,ATX,128,4,Black / Silver,rog-crosshair-viii-dark-hero
MSI PRO B760-P II,239.38,LGA1700,ATX,256,4,Black / Silver,pro-b760-p-ii
Asus ROG STRIX X670E-F GAMING WIFI,418.0,AM5,ATX,192,4,Black / Silver,rog-strix-x670e-f-gaming-wifi
Gigabyte B850 AORUS STEALTH ICE,264.99,AM5,ATX,256,4,White,b850-aorus-stealth-ice
Gigabyte B850 EAGLE ICE,271.76,AM5,ATX,256,4,White,b850-eagle-ice
Gigabyte B850M D3HP,196.72,AM5,Micro ATX,256,4,Gray / Black,b850m-d3hp
Gigabyte H610I,129.99,LGA1700,Mini ITX,64,2,Black,h610i
MSI PRO Z790-VC WIFI,179.99,LGA1700,ATX,192,4,Black,pro-z790-vc-wifi
Asus ROG MAXIMUS Z790 HERO,655.54,LGA1700,ATX,192,4,Black,rog-maximus-z790-hero
MSI Z890 GAMING PLUS WIFI,266.99,LGA1851,ATX,256,4,Black,z890-gaming-plus-wifi
ASRock B860 Pro-A,139.99,LGA1851,ATX,256,4,Black,b860-pro-a
Asus ROG STRIX Z890-A GAMING WIFI,392.08,LGA1851,ATX,256,4,White,rog-strix-z890-a-gaming-wifi
Asus PRIME H610M-K D4,115.06,LGA1700,Micro ATX,64,2,Silver / Black,prime-h610m-k-d4
ASRock Z790M-ITX WIFI,199.99,LGA1700,Mini ITX,96,2,Black,z790m-itx-wifi
Asus PRIME B550M-K,135.0,AM4,Micro ATX,128,4,Black / White,prime-b550m-k
Asus PRIME B450-PLUS,168.31,AM4,ATX,64,4,Black / Silver,prime-b450-plus
Asus ROG MAXIMUS Z890 EXTREME,849.0,LGA1851,EATX,192,4,Black,rog-maximus-z890-extreme
Asus Z890 AYW GAMING WIFI W,219.99,LGA1851,ATX,192,4,White,z890-ayw-gaming-wifi-w
Asus TUF GAMING Z690-PLUS WIFI,219.99,LGA1700,ATX,192,4,Black / Gray,tuf-gaming-z690-plus-wifi
MSI MAG Z690 TOMAHAWK WIFI DDR4,399.0,LGA1700,ATX,128,4,Black / Silver,mag-z690-tomahawk-wifi-ddr4
Gigabyte B850 AI TOP,319.99,AM5,ATX,256,4,Black,b850-ai-top
ASRock B760 Pro RS,176.75,LGA1700,ATX,192,4,Silver / Black,b760-pro-rs
NZXT N7 Z790,271.31,LGA1700,ATX,192,4,Black,nzxt-n7-z790
Gigabyte H610M K V2,114.74,LGA1700,Micro ATX,96,2,Brown / Black,h610m-k-v2
Asus PRIME Z790-A WIFI,299.99,LGA1700,ATX,192,4,Black / Silver,prime-z790-a-wifi
Gigabyte B550 EAGLE,147.45,AM4,ATX,128,4,Black,b550-eagle
MSI MPG X570 GAMING PLUS,512.22,AM4,ATX,128,4,Black / Red,mpg-x570-gaming-plus
Gigabyte X570 AORUS ELITE WIFI,368.0,AM4,ATX,128,4,Black,x570-aorus-elite-wifi
ASRock B550M Steel Legend,164.84,AM4,Micro ATX,128,4,Silver / Black,b550m-steel-legend
Asus PRIME B650M-R,182.42,AM5,Micro ATX,96,2,Silver / Black,prime-b650m-r
Asus ROG STRIX Z790-E GAMING WIFI II,445.2,LGA1700,ATX,192,4,Black,rog-strix-z790-e-gaming-wifi-ii
Asus X870 MAX GAMING WIFI7 W,235.84,AM5,ATX,256,4,White,x870-max-gaming-wifi7-w
ASRock X670E Steel Legend,512.24,AM5,ATX,256,4,Black / White,x670e-steel-legend
Gigabyte X670 GAMING X AX V2,229.95,AM5,ATX,192,4,Black / Gray,x670-gaming-x-ax-v2
Asus PRIME B760-PLUS D4,172.99,LGA1700,ATX,128,4,Silver / Black,prime-b760-plus-d4
Gigabyte B550M DS3H AC R2,109.99,AM4,Micro ATX,128,4,Black,b550m-ds3h-ac-r2
Asus PRIME X570-P,358.29,AM4,ATX,128,4,Black / White,prime-x570-p
MSI PRO A620M-B,161.13,AM5,Micro ATX,128,2,Black,pro-a620m-b
Asus ProArt Z790-CREATOR WIFI,693.83,LGA1700,ATX,192,4,Black / Copper,proart-z790-creator-wifi
MSI PRO B760-VC WIFI IV,169.99,LGA1700,ATX,256,4,Black / Silver,pro-b760-vc-wifi-iv
Asus ROG STRIX Z890-H GAMING WIFI,329.99,LGA1851,ATX,256,4,Black,rog-strix-z890-h-gaming-wifi
Asus TUF GAMING B760M-BTF WIFI,239.99,LGA1700,Micro ATX,192,4,Black,tuf-gaming-b760m-btf-wifi
MSI MPG Z890I EDGE TI WIFI,329.95,LGA1851,Mini ITX,128,2,White,mpg-z890i-edge-ti-wifi
Asus TUF GAMING B550M-PLUS,157.99,AM4,Micro ATX,128,4,Black,tuf-gaming-b550m-plus
Gigabyte H610I DDR4,161.13,LGA1700,Mini ITX,64,2,Black / Gray,h610i-ddr4
Asus PRIME X670E-PRO WIFI,349.99,AM5,ATX,192,4,Silver / Black,prime-x670e-pro-wifi
ASRock B760M-ITX/D4 WiFi,215.82,LGA1700,Mini ITX,64,2,Silver / Black,b760m-itx-d4-wifi
Asus PRO H610M-CT D4-CSM,89.99,LGA1700,Micro ATX,64,2,Green / Black,pro-h610m-ct-d4-csm
ASRock B850M Pro-A,199.13,AM5,Micro ATX,256,4,Black,b850m-pro-a
MSI MPG B760I EDGE WIFI,219.99,LGA1700,Mini ITX,96,2,Black / Silver,mpg-b760i-edge-wifi
MSI X470 GAMING PLUS MAX,199.99,AM4,ATX,128,4,Black,x470-gaming-plus-max
Asus TUF GAMING B450M-PLUS II,164.99,AM4,Micro ATX,128,4,Black,tuf-gaming-b450m-plus-ii
MSI PRO B840M-B,157.77,AM5,Micro ATX,128,2,Black,pro-b840m-b
ASRock Z790 PG SONIC,159.99,LGA1700,ATX,192,4,Black / Blue,z790-pg-sonic
Asus TUF GAMING Z790-PLUS WIFI D4,229.99,LGA1700,ATX,128,4,Black,tuf-gaming-z790-plus-wifi-d4
Gigabyte B650 UD AX (rev. 1.0),169.99,AM5,ATX,192,4,Black / Gray,b650-ud-ax-rev-1-0
MSI MPG Z790 EDGE TI MAX WIFI,399.0,LGA1700,ATX,192,4,Silver / Black,mpg-z790-edge-ti-max-wifi
Asus PRIME Z890M-PLUS WIFI,229.99,LGA1851,Micro ATX,192,4,Black / Silver,prime-z890m-plus-wifi
Gigabyte B760M DS3H AX DDR4,178.81,LGA1700,Micro ATX,128,4,Black,b760m-ds3h-ax-ddr4
Gigabyte B760 GAMING X DDR4,355.26,LGA1700,ATX,128,4,Black,b760-gaming-x-ddr4
MSI B450-A PRO MAX,240.73,AM4,ATX,64,4,Brown / Black,b450-a-pro-max
Asus PRIME Z890-P WIFI,239.99,LGA1851,ATX,192,4,Black / Silver,prime-z890-p-wifi
ASRock Z890I Nova WiFi,299.99,LGA1851,Mini ITX,128,2,Black,z890i-nova-wifi
ASRock Z790 Steel Legend WiFi,319.0,LGA1700,ATX,192,4,Silver / Black,z790-steel-legend-wifi
Gigabyte X570 AORUS ELITE,349.0,AM4,ATX,128,4,Black / Silver,x570-aorus-elite
Asus TUF GAMING B850M-PLUS,334.12,AM5,Micro ATX,192,4,Black,tuf-gaming-b850m-plus
Gigabyte B650 UD AC,169.99,AM5,ATX,192,4,Black / Gray,b650-ud-ac
MSI MPG Z890 CARBON WIFI,499.99,LGA1851,ATX,256,4,Black,mpg-z890-carbon-wifi
Gigabyte B760M D3HP WIFI6,232.01,LGA1700,Micro ATX,192,4,Gray / Black,b760m-d3hp-wifi6
ASRock B450 Steel Legend,172.0,AM4,ATX,64,4,Black / Silver,b450-steel-legend
Asus ROG MAXIMUS Z890 HERO BTF,699.99,LGA1851,ATX,256,4,Black,rog-maximus-z890-hero-btf
Asus TUF GAMING A520M-PLUS II,130.24,AM4,Micro ATX,128,4,Black,tuf-gaming-a520m-plus-ii
Asus TUF GAMING B860M-PLUS WIFI,209.99,LGA1851,Micro ATX,256,4,Black / Silver,tuf-gaming-b860m-plus-wifi
Gigabyte Z790 AORUS MASTER X,444.0,LGA1700,EATX,192,4,Black,z790-aorus-master-x
ASRock B860M-X,119.99,LGA1851,Micro ATX,128,2,Silver / Black,b860m-x
ASRock X570 Phantom Gaming 4,270.44,AM4,ATX,128,4,Black / Silver,x570-phantom-gaming-4
Gigabyte X570 I AORUS PRO WIFI,400.0,AM4,Mini ITX,64,2,Black / Silver,x570-i-aorus-pro-wifi
ASRock B450 Pro4,121.55,AM4,ATX,64,4,Black / Silver,b450-pro4
Asus ROG STRIX Z690-A GAMING WIFI D4,309.99,LGA1700,ATX,128,4,Silver / Black,rog-strix-z690-a-gaming-wifi-d4
Gigabyte B860I AORUS PRO ICE,209.99,LGA1851,Mini ITX,128,2,White / Silver,b860i-aorus-pro-ice
ASRock B650E PG-ITX WIFI,349.99,AM5,Mini ITX,96,2,Black / Red,b650e-pg-itx-wifi
Gigabyte H610M S2H V2 DDR4,99.99,LGA1700,Micro ATX,64,2,Black / Gray,h610m-s2h-v2-ddr4
Asus PRIME X570-PRO,429.0,AM4,ATX,128,4,Black / White,prime-x570-pro
Biostar B650MT,125.0,AM5,Micro ATX,96,2,Black / Silver,biostar-b650mt
ASRock B550 Pro4,161.99,AM4,ATX,128,4,Silver / Black,b550-pro4
MSI PRO B550M-P GEN3,95.95,AM4,Micro ATX,128,4,Black,pro-b550m-p-gen3
MSI MEG X570 UNIFY,399.0,AM4,ATX,128,4,Black,meg-x570-unify
Asus ROG Strix X570-I Gaming,538.99,AM4,Mini ITX,64,2,Black,rog-strix-x570-i-gaming
MSI PRO Z790-S WIFI,194.0,LGA1700,ATX,192,4,Black,pro-z790-s-wifi
Gigabyte B650M AORUS ELITE,204.73,AM5,Micro ATX,192,4,Black,b650m-aorus-elite
ASRock B860 Pro RS WiFi,159.99,LGA1851,ATX,256,4,Silver / Black,b860-pro-rs-wifi
ASRock X570 Phantom Gaming 4S,2945.06,AM4,ATX,128,4,Black,x570-phantom-gaming-4s
Asus TUF GAMING B860-PLUS WIFI,219.99,LGA1851,ATX,256,4,Black / Gray,tuf-gaming-b860-plus-wifi
Gigabyte H610M S2H V3 DDR4,109.95,LGA1700,Micro ATX,64,2,Black / Silver,h610m-s2h-v3-ddr4
Asus ROG MAXIMUS Z790 EXTREME,2608.6,LGA1700,EATX,192,4,Black,rog-maximus-z790-extreme
Asus ROG STRIX Z890-F GAMING WIFI,389.99,LGA1851,ATX,192,4,Black,rog-strix-z890-f-gaming-wifi
Gigabyte Z790 UD AC,197.99,LGA1700,ATX,192,4,Black,z790-ud-ac
Gigabyte Z890M GAMING X,169.99,LGA1851,Micro ATX,256,4,Silver / Black,z890m-gaming-x
ASRock B860I Lightning WiFi,219.99,LGA1851,Mini ITX,128,2,Black,b860i-lightning-wifi
Gigabyte Z790 D AX,265.76,LGA1700,ATX,192,4,Black / Gray,z790-d-ax
Asus PRIME B840M-A WIFI-CSM,179.99,AM5,Micro ATX,192,4,Silver / Black,prime-b840m-a-wifi-csm
Asus TUF GAMING X570-PLUS,388.83,AM4,ATX,128,4,Black / Gold,tuf-gaming-x570-plus
Asus PROART B650-CREATOR,330.21,AM5,ATX,192,4,Black / Copper,proart-b650-creator
Asus ROG STRIX Z790-A GAMING WIFI D4,407.95,LGA1700,ATX,128,4,Black / Silver,rog-strix-z790-a-gaming-wifi-d4
Gigabyte B760 DS3H AX,159.99,LGA1700,ATX,192,4,Gray / Black,b760-ds3h-ax
Gigabyte B840M DS3H,137.63,AM5,Micro ATX,256,4,Gray / Black,b840m-ds3h
Gigabyte B650M DS3H,209.83,AM5,Micro ATX,192,4,Brown / Black,b650m-ds3h
Asus PRIME B760M-K D4,290.9,LGA1700,Micro ATX,64,2,Silver / Black,prime-b760m-k-d4
Gigabyte B860 GAMING X WIFI6E,179.99,LGA1851,ATX,256,4,Silver / Black,b860-gaming-x-wifi6e
Asus PRIME X870-P,363.29,AM5,ATX,192,4,Black / Silver,prime-x870-p
Asus ROG STRIX B760-F GAMING WIFI,477.94,LGA1700,ATX,192,4,Black,rog-strix-b760-f-gaming-wifi
MSI PRO Z890-S WIFI PZ,209.99,LGA1851,ATX,256,4,Silver,pro-z890-s-wifi-pz
ASRock B760M-HDV/M.2 D4,125.05,LGA1700,Micro ATX,64,2,Silver / Black,b760m-hdv-m-2-d4
Asus PRIME X670-P WIFI,269.99,AM5,ATX,192,4,Silver / Black,prime-x670-p-wifi
Gigabyte B760M D3HP DDR4,144.87,LGA1700,Micro ATX,128,4,Black / Gray,b760m-d3hp-ddr4
ASRock B760M Steel Legend WiFi,232.19,LGA1700,Micro ATX,192,4,Silver / Black,b760m-steel-legend-wifi
Asus PRIME B550M-A,146.27,AM4,Micro ATX,128,4,Black / White,prime-b550m-a
Gigabyte Z890 UD WIFI6E,189.79,LGA1851,ATX,256,4,Black / Gray,z890-ud-wifi6e
ASRock Z890 Pro-A WiFi,199.99,LGA1851,ATX,256,4,Black / Silver,z890-pro-a-wifi
MSI MAG B760 TOMAHAWK WIFI DDR4,189.99,LGA1700,ATX,128,4,Black,mag-b760-tomahawk-wifi-ddr4
Asus ROG Crosshair VIII Hero (WI-FI),719.0,AM4,ATX,128,4,Black,rog-crosshair-viii-hero-wi-fi
MSI PRO B850M-A WIFI,199.99,AM5,Micro ATX,128,4,Black / Silver,pro-b850m-a-wifi
Asus PRIME B660M-K D4,144.87,LGA1700,Micro ATX,64,2,Silver / Black,prime-b660m-k-d4
Gigabyte B860 AORUS ELITE WIFI7 ICE,189.99,LGA1851,ATX,256,4,White / Silver,b860-aorus-elite-wifi7-ice
MSI MPG Z690 EDGE WIFI DDR4,386.99,LGA1700,ATX,128,4,Black / Gray,mpg-z690-edge-wifi-ddr4
Gigabyte Z890 AORUS ELITE WIFI7 ICE,219.99,LGA1851,ATX,256,4,White / Silver,z890-aorus-elite-wifi7-ice
Gigabyte B850M EAGLE WIFI6E,164.99,AM5,Micro ATX,256,4,Black,b850m-eagle-wifi6e
MSI A520M PRO,118.83,AM4,Micro ATX,64,2,Black,a520m-pro
Asus ROG STRIX Z690-F GAMING WIFI,275.0,LGA1700,ATX,192,4,Black / Silver,rog-strix-z690-f-gaming-wifi
Asus PRIME B760M-A D4,149.99,LGA1700,Micro ATX,128,4,Silver / Black,prime-b760m-a-d4
Gigabyte Z790M AORUS ELITE AX,199.99,LGA1700,Micro ATX,192,4,Black / Silver,z790m-aorus-elite-ax
Gigabyte B760M AORUS ELITE AX,212.57,LGA1700,Micro ATX,192,4,Black / Silver,b760m-aorus-elite-ax
Asus ROG Strix X570-E Gaming,539.0,AM4,ATX,128,4,Black,rog-strix-x570-e-gaming
ASRock Z790 Pro RS,176.99,LGA1700,ATX,192,4,Silver / Black,z790-pro-rs
Gigabyte Z790 GAMING X AX,199.99,LGA1700,ATX,192,4,Black,z790-gaming-x-ax
MSI MAG B550M MORTAR MAX WIFI,159.99,AM4,Micro ATX,128,4,Silver / Black,mag-b550m-mortar-max-wifi
Asus TUF GAMING Z890-PRO WIFI,272.0,LGA1851,ATX,192,4,White,tuf-gaming-z890-pro-wifi
ASRock B550 PG Riptide,189.57,AM4,ATX,128,4,Black / Silver,b550-pg-riptide
MSI B860M GAMING PLUS WIFI,179.99,LGA1851,Micro ATX,256,4,Silver / Black,b860m-gaming-plus-wifi
ASRock Z790 Nova WiFi,445.38,LGA1700,ATX,192,4,Black,z790-nova-wifi
Gigabyte B450 AORUS ELITE V2,301.0,AM4,ATX,128,4,Black,b450-aorus-elite-v2
ASRock B860M-X WiFi,129.99,LGA1851,Micro ATX,128,2,Silver / Black,b860m-x-wifi
Asus ROG STRIX Z890-I GAMING WIFI,419.99,LGA1851,Mini ITX,96,2,Black,rog-strix-z890-i-gaming-wifi
Gigabyte B860 EAGLE WIFI6E,169.99,LGA1851,ATX,256,4,Gray / Black,b860-eagle-wifi6e
Asus PRIME B850-PLUS WIFI,199.99,AM5,ATX,256,4,Black / Silver,prime-b850-plus-wifi
Gigabyte Z890 AORUS MASTER,484.01,LGA1851,ATX,256,4,Black / Silver,z890-aorus-master
Asus TUF GAMING Z790-BTF WIFI,299.99,LGA1700,ATX,192,4,Silver / Black,tuf-gaming-z790-btf-wifi
Asus PRIME Z790-P,287.39,LGA1700,ATX,192,4,Silver / Black,prime-z790-p
Asus ROG STRIX Z790-F GAMING WIFI,442.98,LGA1700,ATX,192,4,Black,rog-strix-z790-f-gaming-wifi
MSI MPG B760M EDGE TI WIFI,219.99,LGA1700,Micro ATX,192,4,Silver / Black,mpg-b760m-edge-ti-wifi
ASRock A620M-HDV/M.2+,148.67,AM5,Micro ATX,96,2,Gray / Black,a620m-hdv-m-2
MSI PRO Z890-A WIFI,289.99,LGA1851,ATX,256,4,Black / Silver,pro-z890-a-wifi
Asus ROG STRIX Z690-I GAMING WIFI,429.0,LGA1700,Mini ITX,96,2,Black / Silver,rog-strix-z690-i-gaming-wifi
Asus TUF GAMING B660M-PLUS WIFI D4,229.0,LGA1700,Micro ATX,128,4,Black / Orange,tuf-gaming-b660m-plus-wifi-d4
Asus PRIME H610M-E D4-CSM,99.99,LGA1700,Micro ATX,64,2,Silver / Black,prime-h610m-e-d4-csm
ASRock Z890M Riptide WiFi,241.1,LGA1851,Micro ATX,256,4,Black / Silver,z890m-riptide-wifi
MSI PRO H610M-E,151.17,LGA1700,Micro ATX,96,2,Black,pro-h610m-e
Gigabyte Z790 D,239.06,LGA1700,ATX,192,4,Black / Gray,z790-d
ASRock B760I Lightning WiFi,327.99,LGA1700,Mini ITX,96,2,Black,b760i-lightning-wifi
Asus TUF GAMING B760M-PLUS II,241.57,LGA1700,Micro ATX,192,4,Black,tuf-gaming-b760m-plus-ii
Asus PRIME A620M-A-CSM,129.99,AM5,Micro ATX,192,4,Silver / Black,prime-a620m-a-csm
ASRock B860 Pro RS,149.99,LGA1851,ATX,256,4,Silver / Black,b860-pro-rs
Asus TUF GAMING B760M-PLUS WIFI D4,261.87,LGA1700,Micro ATX,128,4,Black / Orange,tuf-gaming-b760m-plus-wifi-d4
Gigabyte B650M K,195.0,AM5,Micro ATX,192,4,Brown / Silver,b650m-k
ASRock B550 Steel Legend,205.35,AM4,ATX,128,4,Silver / Black,b550-steel-legend
Gigabyte B650 AERO G,229.99,AM5,ATX,192,4,Black / Silver,b650-aero-g
Asus ROG Strix X570-F Gaming,483.67,AM4,ATX,128,4,Black,rog-strix-x570-f-gaming
Gigabyte GA-AB350-GAMING 3,279.99,AM4,ATX,64,4,Black / Red,ga-ab350-gaming-3
Asus ROG STRIX Z790-H GAMING WIFI,479.99,LGA1700,ATX,192,4,Black,rog-strix-z790-h-gaming-wifi
Gigabyte Z890 AORUS XTREME AI TOP,999.99,LGA1851,EATX,256,4,Black,z890-aorus-xtreme-ai-top
MSI MEG Z890 ACE,609.99,LGA1851,ATX,256,4,Black / Gold,meg-z890-ace
MSI MPG Z790I EDGE WIFI,309.99,LGA1700,Mini ITX,96,2,Silver / Black,mpg-z790i-edge-wifi
Gigabyte B860M AORUS ELITE WIFI6E,189.99,LGA1851,Micro ATX,256,4,Black,b860m-aorus-elite-wifi6e
MSI MAG Z790 TOMAHAWK WIFI DDR4,349.99,LGA1700,ATX,128,4,Black,mag-z790-tomahawk-wifi-ddr4
Asus ROG STRIX B660-I GAMING WIFI,235.74,LGA1700,Mini ITX,96,2,Black / Silver,rog-strix-b660-i-gaming-wifi
Gigabyte B760I AORUS PRO DDR4,209.99,LGA1700,Mini ITX,64,2,Black / Gray,b760i-aorus-pro-ddr4
Gigabyte B550 AORUS PRO AC,306.49,AM4,ATX,128,4,Black / Orange,b550-aorus-pro-ac
Biostar H610MT-E,105.36,LGA1700,Micro ATX,64,2,Black,biostar-h610mt-e
Asus TUF B450-PLUS GAMING,218.89,AM4,ATX,64,4,Black / Gold,tuf-b450-plus-gaming
Asus TUF GAMING B650M-E,255.1,AM5,Micro ATX,192,4,Black,tuf-gaming-b650m-e
ASRock X870 Pro-A WiFi,199.99,AM5,ATX,256,4,Black,x870-pro-a-wifi
Asus ROG MAXIMUS Z890 APEX,609.99,LGA1851,ATX,96,2,White,rog-maximus-z890-apex
Gigabyte B760M D3HP,160.19,LGA1700,Micro ATX,192,4,Black / Gray,b760m-d3hp
MSI MPG X570 GAMING PRO CARBON WIFI,399.89,AM4,ATX,128,4,Black / Silver,mpg-x570-gaming-pro-carbon-wifi
Asus PRIME B860-PLUS WIFI,179.99,LGA1851,ATX,256,4,Silver / Black,prime-b860-plus-wifi
Asus TUF B450M-PLUS GAMING,289.0,AM4,Micro ATX,64,4,Black / Gold,tuf-b450m-plus-gaming
MSI MPG Z790 CARBON WIFI,479.99,LGA1700,ATX,192,4,Black,mpg-z790-carbon-wifi
MSI MPG Z890 EDGE TI WIFI,369.99,LGA1851,ATX,256,4,Silver / White,mpg-z890-edge-ti-wifi
Gigabyte Z890I AORUS ULTRA,319.99,LGA1851,Mini ITX,128,2,Black,z890i-aorus-ultra
ASRock Z790I Lightning WiFi,442.98,LGA1700,Mini ITX,96,2,Black,z790i-lightning-wifi
ASRock H610M-HVS/M.2 R2.0,104.73,LGA1700,Micro ATX,64,2,Black / Silver,h610m-hvs-m-2-r2-0
Asus PRIME Z790M-PLUS,295.95,LGA1700,Micro ATX,192,4,Silver / Black,prime-z790m-plus
MSI PRO B660M-A DDR4,289.0,LGA1700,Micro ATX,128,4,Black / Silver,pro-b660m-a-ddr4
ASRock B650M PG RIPTIDE,185.99,AM5,Micro ATX,256,4,Black,b650m-pg-riptide
Gigabyte B760 DS3H AX DDR4,195.6,LGA1700,ATX,128,4,Black,b760-ds3h-ax-ddr4
MSI B350M BAZOOKA,118.0,AM4,Micro ATX,64,4,Black / White,b350m-bazooka
Gigabyte Z790 AORUS MASTER,520.99,LGA1700,EATX,192,4,Black / Silver,z790-aorus-master
NZXT N7-Z69XT-B1,299.99,LGA1700,ATX,128,4,Black,nzxt-n7-z69xt-b1
ASRock Z790 PG LIGHTNING,194.43,LGA1700,ATX,192,4,Black,z790-pg-lightning
Gigabyte B660 DS3H DDR4,203.34,LGA1700,ATX,128,4,Black,b660-ds3h-ddr4
MSI MAG B860M MORTAR WIFI,189.99,LGA1851,Micro ATX,256,4,Black / Green,mag-b860m-mortar-wifi
Gigabyte Z890 GAMING X WIFI7,259.99,LGA1851,ATX,256,4,Silver / Black,z890-gaming-x-wifi7
Gigabyte X670E AORUS XTREME (rev. 1.0),949.99,AM5,EATX,256,4,Black,x670e-aorus-xtreme-rev-1-0
NZXT N9 Z890,449.99,LGA1851,ATX,192,4,Black,nzxt-n9-z890
MSI PRO Z890-S WIFI WHITE,209.99,LGA1851,ATX,256,4,White,pro-z890-s-wifi-white
ASRock X670E PG Lightning,373.52,AM5,ATX,256,4,Black,x670e-pg-lightning
Gigabyte H810M H,102.48,LGA1851,Micro ATX,128,2,Gray / Black,h810m-h
ASRock B860 LiveMixer WiFi,139.99,LGA1851,ATX,256,4,Silver / Black,b860-livemixer-wifi
Asus ROG STRIX B660-A GAMING WIFI D4,305.0,LGA1700,ATX,128,4,Silver / Black,rog-strix-b660-a-gaming-wifi-d4
Biostar B450MH,109.9,AM4,Micro ATX,32,2,Black / Yellow,biostar-b450mh
Gigabyte Z690 AORUS ELITE AX DDR4,377.0,LGA1700,ATX,128,4,Black / Silver,z690-aorus-elite-ax-ddr4
MSI MPG B550 GAMING CARBON WIFI,376.0,AM4,ATX,128,4,Black / Silver,mpg-b550-gaming-carbon-wifi
Gigabyte B550M AORUS PRO-P,211.49,AM4,Micro ATX,128,4,Black,b550m-aorus-pro-p
Gigabyte X570 AORUS MASTER,530.0,AM4,ATX,128,4,Black / Silver,x570-aorus-master
MSI B850 GAMING PLUS WIFI PZ,249.99,AM5,ATX,256,4,Silver / Turquoise,b850-gaming-plus-wifi-pz
Gigabyte Z890 AI TOP,549.99,LGA1851,EATX,256,4,Gray / Black,z890-ai-top
Asus PRIME H810M-A-CSM,119.99,LGA1851,Micro ATX,128,2,Silver / Black,prime-h810m-a-csm
ASRock B860 Lightning WiFi,149.99,LGA1851,ATX,256,4,Black,b860-lightning-wifi
Gigabyte H810M GAMING WIFI6,139.99,LGA1851,Micro ATX,128,2,Black / Silver,h810m-gaming-wifi6
Gigabyte B860M DS3H WIFI6E,180.51,LGA1851,Micro ATX,256,4,Silver / Black,b860m-ds3h-wifi6e
MSI B450 Gaming Plus,179.99,AM4,ATX,64,4,Red / Black,b450-gaming-plus
ASRock X570 Steel Legend,314.69,AM4,ATX,128,4,Black / Silver,x570-steel-legend
Asus PRIME H610M-A D4-CSM,109.99,LGA1700,Micro ATX,64,2,Silver / Black,prime-h610m-a-d4-csm
Gigabyte Z890 AERO D,939.0,LGA1851,EATX,256,4,White,z890-aero-d
Asus Pro B550M-C/CSM,144.83,AM4,Micro ATX,128,4,Green,pro-b550m-c-csm
Gigabyte B760 DS3H AC,203.94,LGA1700,ATX,192,4,Gray / Black,b760-ds3h-ac
MSI B860 GAMING PLUS WIFI,202.78,LGA1851,ATX,256,4,Silver / Black,b860-gaming-plus-wifi
ASRock Z790 Pro RS/D4,209.99,LGA1700,ATX,128,4,Silver / Black,z790-pro-rs-d4
Asus ROG MAXIMUS Z690 HERO,729.0,LGA1700,ATX,192,4,Black / Silver,rog-maximus-z690-hero
Asus TUF GAMING B550-PLUS (WI-FI),289.0,AM4,ATX,128,4,Black,tuf-gaming-b550-plus-wi-fi
Gigabyte A520M DS3H AC,123.5,AM4,Micro ATX,128,4,Black,a520m-ds3h-ac
ASRock B860 Steel Legend WiFi,199.99,LGA1851,ATX,256,4,White / Silver,b860-steel-legend-wifi
NZXT N9 Z890,449.99,LGA1851,ATX,192,4,White,nzxt-n9-z890
MSI MEG Z890 UNIFY-X,511.13,LGA1851,ATX,128,2,Black,meg-z890-unify-x
ASRock Z890 Pro-A,189.99,LGA1851,ATX,256,4,Black / Silver,z890-pro-a
Gigabyte B860 DS3H WIFI6E,139.99,LGA1851,ATX,256,4,Silver / Black,b860-ds3h-wifi6e
ASRock Z890 Steel Legend WiFi,259.99,LGA1851,ATX,256,4,Silver,z890-steel-legend-wifi
Asus ROG MAXIMUS Z690 FORMULA,409.47,LGA1700,ATX,192,4,Silver / Black,rog-maximus-z690-formula
Gigabyte Z790 GAMING PLUS AX,195.99,LGA1700,ATX,192,4,Black / Gray,z790-gaming-plus-ax
Gigabyte Z690 GAMING X DDR4,367.49,LGA1700,ATX,128,4,Black / Gray,z690-gaming-x-ddr4
Asus PRIME Z790-P WIFI D4,408.81,LGA1700,ATX,128,4,Black / Silver,prime-z790-p-wifi-d4
Asus TUF GAMING B650EM-E WIFI,209.99,AM5,Micro ATX,256,4,Black,tuf-gaming-b650em-e-wifi
Asus PRIME H810M-A WIFI-CSM,129.99,LGA1851,Micro ATX,128,2,Silver / Black,prime-h810m-a-wifi-csm
Gigabyte B550 AORUS ELITE,246.49,AM4,ATX,128,4,Black / Silver,b550-aorus-elite
MSI PRO Z890-S WIFI,229.99,LGA1851,ATX,256,4,Black / Silver,pro-z890-s-wifi
ASRock Z890 Taichi,437.74,LGA1851,ATX,256,4,Black / Gold,z890-taichi
MSI B840M GAMING PLUS WIFI6E,222.47,AM5,Micro ATX,256,4,Silver,b840m-gaming-plus-wifi6e
Gigabyte X570S AORUS MASTER,575.72,AM4,ATX,128,4,Black / Silver,x570s-aorus-master
Asus PRIME B840M-A-CSM,210.16,AM5,Micro ATX,192,4,Silver / Black,prime-b840m-a-csm
Gigabyte B760 AORUS ELITE AX,249.0,LGA1700,ATX,192,4,Black,b760-aorus-elite-ax
ASRock B860M Pro-A WiFi,149.99,LGA1851,Micro ATX,256,4,Black,b860m-pro-a-wifi
MSI B850M GAMING PLUS WIFI6E,247.17,AM5,Micro ATX,256,4,Silver / White,b850m-gaming-plus-wifi6e
ASRock Z890 LiveMixer WiFi,239.99,LGA1851,ATX,256,4,Silver / Black,z890-livemixer-wifi
ASRock B450M-HDV,149.99,AM4,Micro ATX,32,2,Black / Silver,b450m-hdv
ASRock B860 Pro-A WiFi,188.0,LGA1851,ATX,256,4,Black,b860-pro-a-wifi
NZXT N7-Z69XT-W1,302.06,LGA1700,ATX,128,4,White / Black,nzxt-n7-z69xt-w1
ASRock B760M Pro RS/D4 WiFi,172.28,LGA1700,Micro ATX,128,4,Silver / Black,b760m-pro-rs-d4-wifi
Asus PRIME B860M-A WIFI-CSM,169.99,LGA1851,Micro ATX,256,4,Silver / Black,prime-b860m-a-wifi-csm
MSI MPG Z790 CARBON WIFI II,429.99,LGA1700,ATX,192,4,Black,mpg-z790-carbon-wifi-ii
Asus ProArt B660-CREATOR D4,199.95,LGA1700,ATX,128,4,Black,proart-b660-creator-d4
Gigabyte B860M AORUS ELITE WIFI6E ICE,189.99,LGA1851,Micro ATX,256,4,White / Silver,b860m-aorus-elite-wifi6e-ice
Asus TUF GAMING B550M-PLUS (WI-FI),274.0,AM4,Micro ATX,128,4,Black,tuf-gaming-b550m-plus-wi-fi
Gigabyte H610M S2H,118.1,LGA1700,Micro ATX,64,2,Brown / Silver,h610m-s2h
MSI PRO B760-P WIFI,189.99,LGA1700,ATX,192,4,Black / Silver,pro-b760-p-wifi
Asus Strix B550-XE Gaming WiFi,391.02,AM4,ATX,128,4,Black,strix-b550-xe-gaming-wifi
Gigabyte X570 AORUS PRO WIFI,448.0,AM4,ATX,128,4,Black / Silver,x570-aorus-pro-wifi
Asus PRIME B550M-A/CSM,189.0,AM4,Micro ATX,128,4,Black / White,prime-b550m-a-csm
ASRock Phantom Gaming Z890 Nova WiFi,349.99,LGA1851,ATX,256,4,Black,phantom-gaming-z890-nova-wifi
ASRock X670E Pro RS,551.13,AM5,ATX,256,4,Black,x670e-pro-rs
Gigabyte B840M D2H,169.54,AM5,Micro ATX,128,2,Gray / Black,b840m-d2h
Gigabyte B860M EAGLE PLUS WIFI6E,159.99,LGA1851,Micro ATX,256,4,Black / Silver,b860m-eagle-plus-wifi6e
ASRock Z890 Lightning WiFi,217.99,LGA1851,ATX,256,4,Black,z890-lightning-wifi
ASRock B760M-H/M.2,114.37,LGA1700,Micro ATX,96,2,Silver / Black,b760m-h-m-2
MSI PRO H610M-G,140.65,LGA1700,Micro ATX,96,2,Black,pro-h610m-g
Asus ROG STRIX B860-G GAMING WIFI,351.52,LGA1851,Micro ATX,256,4,White / Silver,rog-strix-b860-g-gaming-wifi
Gigabyte Z790 AORUS ELITE AX DDR4,250.0,LGA1700,ATX,128,4,Black,z790-aorus-elite-ax-ddr4
Gigabyte Z790 UD AX,326.06,LGA1700,ATX,192,4,Black,z790-ud-ax
MSI MPG X570S EDGE MAX WIFI,734.79,AM4,ATX,128,4,Black / Silver,mpg-x570s-edge-max-wifi
Gigabyte Z890 AORUS ELITE X ICE,270.0,LGA1851,ATX,256,4,White / Silver,z890-aorus-elite-x-ice
MSI MPG Z690 FORCE WIFI,399.0,LGA1700,ATX,192,4,Silver / Black,mpg-z690-force-wifi
Gigabyte B760M C,220.5,LGA1700,Micro ATX,192,4,Brown / Gray,b760m-c
ASRock Z890 Pro RS WiFi White,226.99,LGA1851,ATX,256,4,White / Silver,z890-pro-rs-wifi-white
Gigabyte Z890 AORUS PRO ICE,339.05,LGA1851,ATX,256,4,White / Silver,z890-aorus-pro-ice
Asus ROG STRIX B860-F GAMING WIFI,420.04,LGA1851,ATX,256,4,Black,rog-strix-b860-f-gaming-wifi
Gigabyte Z790I AORUS ULTRA,334.18,LGA1700,Mini ITX,96,2,Silver / Black,z790i-aorus-ultra
Gigabyte B650 AORUS PRO AX,498.87,AM5,ATX,192,4,Black,b650-aorus-pro-ax
ASRock Z890 Riptide WiFi,219.99,LGA1851,ATX,256,4,Black,z890-riptide-wifi
Gigabyte X570 UD,274.0,AM4,ATX,128,4,Black / Silver,x570-ud
Gigabyte Z790 AORUS ELITE DDR4,255.81,LGA1700,ATX,128,4,Black,z790-aorus-elite-ddr4
Gigabyte A520M DS3H,108.46,AM4,Micro ATX,128,4,Black,a520m-ds3h
MSI PRO B860-P WIFI,189.99,LGA1851,ATX,256,4,Silver / Black,pro-b860-p-wifi
Gigabyte Z790 AERO G,423.9,LGA1700,ATX,192,4,,z790-aero-g
ASRock B860M Pro-A,139.99,LGA1851,Micro ATX,256,4,Black,b860m-pro-a
Asus TUF GAMING B660M-PLUS WIFI,279.99,LGA1700,Micro ATX,192,4,Yellow / Black,tuf-gaming-b660m-plus-wifi
ASRock Z790M PG LIGHTNING/D4,174.49,LGA1700,Micro ATX,128,4,Black,z790m-pg-lightning-d4
ASRock Z890 Taichi AQUA,756.99,LGA1851,EATX,256,4,White,z890-taichi-aqua
ASRock H610M-ITX/eDP,179.9,LGA1700,Mini ITX,64,2,Silver / Black,h610m-itx-edp
ASRock B550 Extreme4,184.99,AM4,ATX,128,4,Blue / Black,b550-extreme4
Asus PRIME B650M-A WIFI,348.42,AM5,Micro ATX,128,4,Silver / Black,prime-b650m-a-wifi
Gigabyte Z890 AORUS MASTER AI TOP,699.98,LGA1851,EATX,256,4,Black / Silver,z890-aorus-master-ai-top
ASRock Z790 Taichi Carrara,391.91,LGA1700,EATX,192,4,White / Black,z790-taichi-carrara
Gigabyte Z690 UD AX DDR4,471.78,LGA1700,ATX,128,4,Black,z690-ud-ax-ddr4
ASRock A520M Pro4,99.99,AM4,Micro ATX,128,4,Black / Silver,a520m-pro4
MSI MEG Z690 ACE,736.88,LGA1700,EATX,192,4,Black / Gold,meg-z690-ace
MSI MEG X570 ACE,459.78,AM4,ATX,128,4,Black / Silver,meg-x570-ace
Gigabyte Z890 AERO G,319.99,LGA1851,ATX,256,4,Silver / White,z890-aero-g
Gigabyte B860M D3HP,129.99,LGA1851,Micro ATX,256,4,Silver / Black,b860m-d3hp
Gigabyte X570S AERO G,527.9,AM4,ATX,128,4,Black / White,x570s-aero-g
Asus ROG Crosshair VIII Impact,589.0,AM4,Mini DTX,64,2,Black,rog-crosshair-viii-impact
ASRock Z790 LiveMixer,308.16,LGA1700,ATX,192,4,Purple / Black,z790-livemixer
Asus PRIME H610M-E D4,168.86,LGA1700,Micro ATX,64,2,Silver / Black,prime-h610m-e-d4
ASRock B860M Steel Legend WiFi,179.99,LGA1851,Micro ATX,256,4,White / Silver,b860m-steel-legend-wifi
MSI MEG Z690 UNIFY,499.99,LGA1700,ATX,192,4,Black / Silver,meg-z690-unify
Asus PRO A520M-C II/CSM,92.99,AM4,Micro ATX,64,2,Green / Black,pro-a520m-c-ii-csm
Asus TUF GAMING Z790-PLUS D4,337.97,LGA1700,ATX,128,4,Black,tuf-gaming-z790-plus-d4
Asus ROG STRIX B760-A GAMING WIFI D4,381.99,LGA1700,ATX,128,4,Silver / Black,rog-strix-b760-a-gaming-wifi-d4
Asus PRIME B860-PLUS WIFI-CSM,179.99,LGA1851,ATX,256,4,Silver / Black,prime-b860-plus-wifi-csm
Asus ROG STRIX B860-A GAMING WIFI,319.62,LGA1851,ATX,256,4,White / Silver,rog-strix-b860-a-gaming-wifi
Gigabyte H610M S2H DDR4,173.0,LGA1700,Micro ATX,64,2,Black / Gray,h610m-s2h-ddr4
ASRock Z890 Pro RS WiFi,194.99,LGA1851,ATX,256,4,Silver / Black,z890-pro-rs-wifi
MSI MPG X570S CARBON MAX WIFI,647.19,AM4,ATX,128,4,Black / Silver,mpg-x570s-carbon-max-wifi
Asus PRIME B760M-PLUS,217.93,LGA1700,Micro ATX,192,4,Silver / Black,prime-b760m-plus
Gigabyte Z790 EAGLE,261.06,LGA1700,ATX,192,4,Gray / Black,z790-eagle
MSI PRO Z690-P DDR4,169.99,LGA1700,ATX,128,4,Black / Silver,pro-z690-p-ddr4
Gigabyte B550 AORUS MASTER,406.99,AM4,ATX,128,4,Black / Silver,b550-aorus-master
NZXT N5 Z690,227.93,LGA1700,ATX,128,4,Black,nzxt-n5-z690
Asus PRIME B840M-A WIFI,259.7,AM5,Micro ATX,192,4,Silver / Black,prime-b840m-a-wifi
Asus PRIME B450M-A/CSM,199.0,AM4,Micro ATX,64,4,Black / Silver,prime-b450m-a-csm
Asus PRIME Z890-P,333.71,LGA1851,ATX,192,4,Black / Silver,prime-z890-p
Asus TUF GAMING B760M-PLUS D4,229.1,LGA1700,Micro ATX,128,4,Black / Orange,tuf-gaming-b760m-plus-d4
MSI MPG Z790 EDGE WIFI DDR4,599.99,LGA1700,ATX,128,4,Silver / Black,mpg-z790-edge-wifi-ddr4
Gigabyte Z690I AORUS ULTRA DDR4,256.9,LGA1700,Mini ITX,64,2,Black / Silver,z690i-aorus-ultra-ddr4
Gigabyte B550 AORUS PRO V2,291.49,AM4,ATX,128,4,Black,b550-aorus-pro-v2
Gigabyte Z690M AORUS ELITE AX DDR4,265.89,LGA1700,Micro ATX,128,4,Black,z690m-aorus-elite-ax-ddr4
ASRock A520M Phantom Gaming 4,96.49,AM4,Micro ATX,128,4,Black,a520m-phantom-gaming-4
ASRock Z890 Taichi OCF,525.79,LGA1851,ATX,128,2,Black / Gold,z890-taichi-ocf
Asus Pro B760M-CT-CSM,149.99,LGA1700,Micro ATX,192,4,Green / Black,pro-b760m-ct-csm
ASRock B760M PG Riptide,280.87,LGA1700,Micro ATX,192,4,Black / Blue,b760m-pg-riptide
ASRock B860M LiveMixer WiFi,169.99,LGA1851,Micro ATX,256,4,Silver / Black,b860m-livemixer-wifi
Gigabyte B860M EAGLE V2,186.48,LGA1851,Micro ATX,128,2,Silver / Black,b860m-eagle-v2
ASRock H670M Pro RS,165.57,LGA1700,Micro ATX,128,4,Gray / Black,h670m-pro-rs
ASRock Z890 Pro RS,197.81,LGA1851,ATX,256,4,Silver / Black,z890-pro-rs
ASRock X570D4U-2L2T,419.0,AM4,Micro ATX,128,4,Green / Silver,x570d4u-2l2t
Asus ROG Crosshair VIII Formula,630.0,AM4,ATX,128,4,Black,rog-crosshair-viii-formula
MSI X470 GAMING PRO CARBON,399.0,AM4,ATX,64,4,Black / Silver,x470-gaming-pro-carbon
Asus Pro B650M-CT-CSM,149.99,AM5,Micro ATX,192,4,Green / Black,pro-b650m-ct-csm
Asus Pro B660M-C D4-CSM,129.99,LGA1700,Micro ATX,128,4,Green / Black,pro-b660m-c-d4-csm
Asus ProArt B550-CREATOR,239.99,AM4,ATX,128,4,Black,proart-b550-creator
MSI B850 GAMING PLUS WIFI6E,263.27,AM5,ATX,256,4,Silver,b850-gaming-plus-wifi6e
Gigabyte B760 GAMING X AX DDR4,263.83,LGA1700,ATX,128,4,Black,b760-gaming-x-ax-ddr4
Asus TUF GAMING H770-PRO WIFI,347.15,LGA1700,ATX,192,4,Black,tuf-gaming-h770-pro-wifi
Gigabyte X570 AORUS XTREME,995.0,AM4,EATX,128,4,Black / Silver,x570-aorus-xtreme
Asus PRIME A520M-E,159.9,AM4,Micro ATX,64,2,Black,prime-a520m-e
Biostar B660GTA,190.44,LGA1700,ATX,128,4,Blue / Black,biostar-b660gta
Asus PROART B760-CREATOR D4,285.62,LGA1700,ATX,128,4,Black / Copper,proart-b760-creator-d4
Asus ROG STRIX B660-F GAMING WIFI,299.0,LGA1700,ATX,192,4,Black,rog-strix-b660-f-gaming-wifi
Asus Pro WS X570-ACE,579.99,AM4,ATX,128,4,Black,pro-ws-x570-ace
Gigabyte B860M GAMING X WIFI6E,169.99,LGA1851,Micro ATX,256,4,Silver / Black,b860m-gaming-x-wifi6e
Gigabyte GA-AX370-Gaming K5,236.49,AM4,ATX,64,4,Black / Orange,ga-ax370-gaming-k5
MSI PRO B860-P,240.0,LGA1851,ATX,256,4,Silver / Black,pro-b860-p
Gigabyte Z690 AORUS PRO,399.99,LGA1700,ATX,192,4,Black,z690-aorus-pro
MSI MEG Z690 UNIFY-X,778.88,LGA1700,ATX,96,2,Black / Silver,meg-z690-unify-x
ASRock B550 PG Velocita,260.37,AM4,ATX,128,4,Silver / Black,b550-pg-velocita
ASRock B860M Pro RS,149.99,LGA1851,Micro ATX,256,4,Silver / Black,b860m-pro-rs
Asus PRIME A320M-E,237.0,AM4,Micro ATX,64,2,Black / Silver,prime-a320m-e
MSI MAG A520M VECTOR WIFI,176.8,AM4,Micro ATX,64,2,Black,mag-a520m-vector-wifi
ASRock H610M-HVS,110.91,LGA1700,Micro ATX,64,2,Gray / Black,h610m-hvs
ASRock B860M-H2,119.99,LGA1851,Micro ATX,128,2,Black / Silver,b860m-h2
Asus Pro Q670M-C-CSM,199.99,LGA1700,Micro ATX,128,4,Green / Black,pro-q670m-c-csm
Gigabyte Z790 AORUS ELITE AX-W,585.41,LGA1700,ATX,192,4,Silver / Black,z790-aorus-elite-ax-w
Gigabyte Z690 AORUS ULTRA,357.91,LGA1700,ATX,192,4,Black,z690-aorus-ultra
Gigabyte B860 DS3H,225.05,LGA1851,ATX,256,4,Silver / Black,b860-ds3h
Asus PRIME H610M-D D4,139.4,LGA1700,Micro ATX,64,2,Silver / Black,prime-h610m-d-d4
Asus TUF GAMING B860M-PLUS,244.56,LGA1851,Micro ATX,256,4,Black / Silver,tuf-gaming-b860m-plus
Gigabyte H810M S2H,131.33,LGA1851,Micro ATX,128,2,Gray / Black,h810m-s2h
Gigabyte H610M D3W DDR4,147.89,LGA1700,Micro ATX,64,2,Black,h610m-d3w-ddr4
ASRock Z890 Taichi Lite,480.6,LGA1851,ATX,256,4,Silver / Black,z890-taichi-lite
ASRock B660 Pro RS,311.33,LGA1700,ATX,128,4,Gray / Black,b660-pro-rs
Asus ProArt Z690-CREATOR WIFI,449.99,LGA1700,ATX,192,4,Black / Copper,proart-z690-creator-wifi
ASRock X570D4U,304.99,AM4,Micro ATX,128,4,Green,x570d4u
Gigabyte B760M E,184.8,LGA1700,Micro ATX,96,2,Black / Gray,b760m-e
Asus TUF GAMING H670-PRO WIFI D4,229.99,LGA1700,ATX,128,4,Gray / Black,tuf-gaming-h670-pro-wifi-d4
Asus PRIME H770-PLUS D4,189.99,LGA1700,ATX,128,4,Silver / Black,prime-h770-plus-d4
Asus TUF GAMING B660M-PLUS D4,454.0,LGA1700,Micro ATX,128,4,Orange / Black,tuf-gaming-b660m-plus-d4
Asus PRIME B860-PLUS-CSM,274.73,LGA1851,ATX,256,4,Silver / Black,prime-b860-plus-csm
ASRock B860M Lightning WiFi,189.99,LGA1851,Micro ATX,256,4,Black,b860m-lightning-wifi
Gigabyte Z890 EAGLE,312.38,LGA1851,ATX,256,4,Gray / Black,z890-eagle
MSI PRO B660M-G DDR4,672.84,LGA1700,Micro ATX,64,2,Black / Silver,pro-b660m-g-ddr4
MSI MEG B550 UNIFY-X,455.59,AM4,ATX,64,2,Black,meg-b550-unify-x
Gigabyte Z690 AORUS ELITE DDR4,302.89,LGA1700,ATX,128,4,Black / Silver,z690-aorus-elite-ddr4
Asus PRIME B650M-A-CSM,287.37,AM5,Micro ATX,128,4,Silver / Black,prime-b650m-a-csm
Asus PRIME B860M-A WIFI,317.7,LGA1851,Micro ATX,256,4,Silver / Black,prime-b860m-a-wifi
ASRock H670 Steel Legend,172.6,LGA1700,ATX,128,4,Silver / Gray,h670-steel-legend
MSI X370 XPOWER GAMING TITANIUM,542.89,AM4,ATX,64,4,Silver,x370-xpower-gaming-titanium
Asus PRIME B860M-K,179.06,LGA1851,Micro ATX,128,2,Silver / Black,prime-b860m-k
Gigabyte Z690 GAMING X,515.0,LGA1700,ATX,192,4,Black / Gray,z690-gaming-x
Asus Pro A620M-DASH-CSM,154.46,AM5,Micro ATX,96,2,Green,pro-a620m-dash-csm
Biostar B760A-SILVER,179.97,LGA1700,ATX,192,4,Silver / Black,biostar-b760a-silver
Asus PRIME B860M-A-CSM,211.73,LGA1851,Micro ATX,256,4,Silver / Black,prime-b860m-a-csm
MSI MAG Z690 TORPEDO,386.68,LGA1700,ATX,192,4,Blue / Black,mag-z690-torpedo
Asus ROG MAXIMUS Z690 APEX,812.61,LGA1700,ATX,96,2,Black / Silver,rog-maximus-z690-apex
Gigabyte B860M DS3H,230.52,LGA1851,Micro ATX,256,4,Silver / Black,b860m-ds3h
Gigabyte B660 AORUS Master,365.0,LGA1700,ATX,192,4,Black,b660-aorus-master
Biostar B760M-SILVER,355.56,LGA1700,Micro ATX,192,4,Silver / Black,biostar-b760m-silver
MSI PRESTIGE X570 CREATION,928.87,AM4,EATX,128,4,Black / Silver,prestige-x570-creation
Gigabyte Q670M D3H,208.99,LGA1700,Micro ATX,128,4,Brown / Gray,q670m-d3h
Biostar Z690 VALKYRIE,825.0,LGA1700,ATX,192,4,Black / Gray,biostar-z690-valkyrie
Asus TUF GAMING B850-E WIFI,229.99,AM5,ATX,256,4,Black,tuf-gaming-b850-e-wifi
Biostar B650M-SILVER,201.28,AM5,Micro ATX,192,4,Silver / Black,biostar-b650m-silver
Asus Pro B860M-CT-CSM,159.99,LGA1851,Micro ATX,256,4,Black,pro-b860m-ct-csm
Gigabyte H810M K,137.99,LGA1851,Micro ATX,128,2,Gray / Black,h810m-k
